"concept_id","name_pl","is_lactose_free","reason","source","reviewed_at","manual_review_action"
"C001","majonez","1","Zatwierdzona definicja konceptu: Tradycyjny majonez (olej, żółtka jaj, musztarda, ocet); brak składników mlecznych.","Klasyfikacja wlascicielki katalogu: koncepty laktoza.csv; akceptacja zakresu 2026-10-01","2026-10-01",""
"C002","ketchup","1","Zatwierdzona definicja konceptu: Ketchup (pomidory, ocet, cukier, sól, przyprawy); brak składników mlecznych.","Klasyfikacja wlascicielki katalogu: koncepty laktoza.csv; akceptacja zakresu 2026-10-01","2026-10-01",""
"C003","musztarda","1","Zatwierdzona definicja konceptu: Musztarda (gorczyca, woda, ocet, sól, przyprawy); brak składników mlecznych.","Klasyfikacja wlascicielki katalogu: koncepty laktoza.csv; akceptacja zakresu 2026-10-01","2026-10-01",""
"C004","sos czosnkowy","0","Zatwierdzona definicja konceptu: Sos czosnkowy; generycznie przygotowywany na bazie jogurtu, śmietany lub majonezu z dodatkiem nabiału.","Klasyfikacja wlascicielki katalogu: koncepty laktoza.csv; akceptacja zakresu 2026-10-01","2026-10-01",""
"C005","sos barbecue","1","Zatwierdzona definicja konceptu: Sos barbecue (przetwory pomidorowe, ocet, melasa/cukier, przyprawy); brak składników mlecznych.","Klasyfikacja wlascicielki katalogu: koncepty laktoza.csv; akceptacja zakresu 2026-10-01","2026-10-01",""
"C006","sos pomidorowy","1","Zatwierdzona definicja konceptu: Sos pomidorowy (pomidory, oliwa, warzywa, zioła); brak składników mlecznych.","Klasyfikacja wlascicielki katalogu: koncepty laktoza.csv; akceptacja zakresu 2026-10-01","2026-10-01",""
"C007","bulion","1","Zatwierdzona definicja konceptu: Bulion (wywar mięsno-warzywny); w wersji generycznej brak składników mlecznych.","Klasyfikacja wlascicielki katalogu: koncepty laktoza.csv; akceptacja zakresu 2026-10-01","2026-10-01",""
"C008","przyprawa do kurczaka","1","Zatwierdzona definicja konceptu: Przyprawa do kurczaka (mieszanka soli, ziół i przypraw); brak składników mlecznych.","Klasyfikacja wlascicielki katalogu: koncepty laktoza.csv; akceptacja zakresu 2026-10-01","2026-10-01",""
"C009","przyprawa uniwersalna","1","Zatwierdzona definicja konceptu: Przyprawa uniwersalna (sól, suszone warzywa, zioła); brak składników mlecznych.","Klasyfikacja wlascicielki katalogu: koncepty laktoza.csv; akceptacja zakresu 2026-10-01","2026-10-01",""
"C010","sól","1","Jednoskladnikowy koncept roslinny/mineralny bez skladnikow mlecznych; bez mieszanek i dodatkow.","PostgreSQL ingredients.name_pl (snapshot 2026-10-01); https://www.niddk.nih.gov/health-information/digestive-diseases/lactose-intolerance/eating-diet-nutrition","2026-10-01",""
"C011","pieprz","1","Jednoskladnikowy koncept roslinny/mineralny bez skladnikow mlecznych; bez mieszanek i dodatkow.","PostgreSQL ingredients.name_pl (snapshot 2026-10-01); https://www.niddk.nih.gov/health-information/digestive-diseases/lactose-intolerance/eating-diet-nutrition","2026-10-01",""
"C012","papryka słodka","1","Jednoskladnikowy koncept roslinny/mineralny bez skladnikow mlecznych; bez mieszanek i dodatkow.","PostgreSQL ingredients.name_pl (snapshot 2026-10-01); https://www.niddk.nih.gov/health-information/digestive-diseases/lactose-intolerance/eating-diet-nutrition","2026-10-01",""
"C013","olej roślinny","1","Jednoskladnikowy koncept roslinny/mineralny bez skladnikow mlecznych; bez mieszanek i dodatkow.","PostgreSQL ingredients.name_pl (snapshot 2026-10-01); https://www.niddk.nih.gov/health-information/digestive-diseases/lactose-intolerance/eating-diet-nutrition","2026-10-01",""
"C014","oliwa z oliwek","1","Jednoskladnikowy koncept roslinny/mineralny bez skladnikow mlecznych; bez mieszanek i dodatkow.","PostgreSQL ingredients.name_pl (snapshot 2026-10-01); https://www.niddk.nih.gov/health-information/digestive-diseases/lactose-intolerance/eating-diet-nutrition","2026-10-01",""
"C015","masło","0","Zwykly nabial lub czekolada mleczna/biala; brak jawnego wariantu bez laktozy.","PostgreSQL ingredients.name_pl (snapshot 2026-10-01); https://www.niddk.nih.gov/health-information/digestive-diseases/lactose-intolerance/eating-diet-nutrition","2026-10-01",""
"C016","jogurt naturalny","0","Zwykly nabial lub czekolada mleczna/biala; brak jawnego wariantu bez laktozy.","PostgreSQL ingredients.name_pl (snapshot 2026-10-01); https://www.niddk.nih.gov/health-information/digestive-diseases/lactose-intolerance/eating-diet-nutrition","2026-10-01",""
"C017","śmietana","0","Zwykly nabial lub czekolada mleczna/biala; brak jawnego wariantu bez laktozy.","PostgreSQL ingredients.name_pl (snapshot 2026-10-01); https://www.niddk.nih.gov/health-information/digestive-diseases/lactose-intolerance/eating-diet-nutrition","2026-10-01",""
"C018","ser żółty","0","Zatwierdzona definicja konceptu: Ser żółty generyczny; w zależności od stopnia dojrzałości i typu może zawierać laktozę; brak pewności.","Klasyfikacja wlascicielki katalogu: koncepty laktoza.csv; akceptacja zakresu 2026-10-01","2026-10-01",""
"C019","ser mozzarella","0","Zatwierdzona definicja konceptu: Ser mozzarella; ser świeży/niedojrzewający lub półtwardy o istotnej zawartości laktozy.","Klasyfikacja wlascicielki katalogu: koncepty laktoza.csv; akceptacja zakresu 2026-10-01","2026-10-01",""
"C020","jajko","1","Jajko lub surowe mieso/ryba/owoc morza/tluszcz; definicja nie obejmuje marynaty ani dodatkow mlecznych.","PostgreSQL ingredients.name_pl (snapshot 2026-10-01); https://www.niddk.nih.gov/health-information/digestive-diseases/lactose-intolerance/eating-diet-nutrition","2026-10-01",""
"C021","pierś z kurczaka","1","Jajko lub surowe mieso/ryba/owoc morza/tluszcz; definicja nie obejmuje marynaty ani dodatkow mlecznych.","PostgreSQL ingredients.name_pl (snapshot 2026-10-01); https://www.niddk.nih.gov/health-information/digestive-diseases/lactose-intolerance/eating-diet-nutrition","2026-10-01",""
"C022","pierś z indyka","1","Jajko lub surowe mieso/ryba/owoc morza/tluszcz; definicja nie obejmuje marynaty ani dodatkow mlecznych.","PostgreSQL ingredients.name_pl (snapshot 2026-10-01); https://www.niddk.nih.gov/health-information/digestive-diseases/lactose-intolerance/eating-diet-nutrition","2026-10-01",""
"C023","mięso mielone","1","Jajko lub surowe mieso/ryba/owoc morza/tluszcz; definicja nie obejmuje marynaty ani dodatkow mlecznych.","PostgreSQL ingredients.name_pl (snapshot 2026-10-01); https://www.niddk.nih.gov/health-information/digestive-diseases/lactose-intolerance/eating-diet-nutrition","2026-10-01",""
"C024","wieprzowina","1","Jajko lub surowe mieso/ryba/owoc morza/tluszcz; definicja nie obejmuje marynaty ani dodatkow mlecznych.","PostgreSQL ingredients.name_pl (snapshot 2026-10-01); https://www.niddk.nih.gov/health-information/digestive-diseases/lactose-intolerance/eating-diet-nutrition","2026-10-01",""
"C025","wołowina","1","Jajko lub surowe mieso/ryba/owoc morza/tluszcz; definicja nie obejmuje marynaty ani dodatkow mlecznych.","PostgreSQL ingredients.name_pl (snapshot 2026-10-01); https://www.niddk.nih.gov/health-information/digestive-diseases/lactose-intolerance/eating-diet-nutrition","2026-10-01",""
"C026","tofu","1","Zatwierdzona definicja konceptu: Tofu; produkt w 100% roślinny na bazie soi; bez laktozy.","Klasyfikacja wlascicielki katalogu: koncepty laktoza.csv; akceptacja zakresu 2026-10-01","2026-10-01",""
"C027","ciecierzyca","1","Prosty koncept bez skladnikow mlecznych; dotyczy czystego skladnika.","PostgreSQL ingredients.name_pl (snapshot 2026-10-01); https://www.niddk.nih.gov/health-information/digestive-diseases/lactose-intolerance/eating-diet-nutrition","2026-10-01",""
"C028","soczewica","1","Prosty koncept bez skladnikow mlecznych; dotyczy czystego skladnika.","PostgreSQL ingredients.name_pl (snapshot 2026-10-01); https://www.niddk.nih.gov/health-information/digestive-diseases/lactose-intolerance/eating-diet-nutrition","2026-10-01",""
"C029","ryż","1","Prosty koncept bez skladnikow mlecznych; dotyczy czystego skladnika.","PostgreSQL ingredients.name_pl (snapshot 2026-10-01); https://www.niddk.nih.gov/health-information/digestive-diseases/lactose-intolerance/eating-diet-nutrition","2026-10-01",""
"C030","makaron pszenny","1","Zatwierdzona definicja konceptu: Makaron pszenny (mąka/semolina, woda); brak składników mlecznych.","Klasyfikacja wlascicielki katalogu: koncepty laktoza.csv; akceptacja zakresu 2026-10-01","2026-10-01",""
"C031","makaron pełnoziarnisty","1","Zatwierdzona definicja konceptu: Makaron pełnoziarnisty (mąka pełnoziarnista, woda); brak składników mlecznych.","Klasyfikacja wlascicielki katalogu: koncepty laktoza.csv; akceptacja zakresu 2026-10-01","2026-10-01",""
"C032","ziemniaki","1","Prosty koncept bez skladnikow mlecznych; dotyczy czystego skladnika.","PostgreSQL ingredients.name_pl (snapshot 2026-10-01); https://www.niddk.nih.gov/health-information/digestive-diseases/lactose-intolerance/eating-diet-nutrition","2026-10-01",""
"C033","kasza","1","Prosty koncept bez skladnikow mlecznych; dotyczy czystego skladnika.","PostgreSQL ingredients.name_pl (snapshot 2026-10-01); https://www.niddk.nih.gov/health-information/digestive-diseases/lactose-intolerance/eating-diet-nutrition","2026-10-01",""
"C034","tortilla pszenna","1","Zatwierdzona definicja konceptu: Tortilla pszenna (mąka, woda, olej roślinny, sól); bez składników mlecznych.","Klasyfikacja wlascicielki katalogu: koncepty laktoza.csv; akceptacja zakresu 2026-10-01","2026-10-01",""
"C035","chleb pszenny","1","Zatwierdzona definicja konceptu: Chleb pszenny (mąka, woda, drożdże, sól); tradycyjny wypiek bez laktozy.","Klasyfikacja wlascicielki katalogu: koncepty laktoza.csv; akceptacja zakresu 2026-10-01","2026-10-01",""
"C036","cebula","1","Jednoskladnikowy koncept roslinny/mineralny bez skladnikow mlecznych; bez mieszanek i dodatkow.","PostgreSQL ingredients.name_pl (snapshot 2026-10-01); https://www.niddk.nih.gov/health-information/digestive-diseases/lactose-intolerance/eating-diet-nutrition","2026-10-01",""
"C037","czosnek","1","Jednoskladnikowy koncept roslinny/mineralny bez skladnikow mlecznych; bez mieszanek i dodatkow.","PostgreSQL ingredients.name_pl (snapshot 2026-10-01); https://www.niddk.nih.gov/health-information/digestive-diseases/lactose-intolerance/eating-diet-nutrition","2026-10-01",""
"C038","papryka","1","Jednoskladnikowy koncept roslinny/mineralny bez skladnikow mlecznych; bez mieszanek i dodatkow.","PostgreSQL ingredients.name_pl (snapshot 2026-10-01); https://www.niddk.nih.gov/health-information/digestive-diseases/lactose-intolerance/eating-diet-nutrition","2026-10-01",""
"C039","pomidor","1","Jednoskladnikowy koncept roslinny/mineralny bez skladnikow mlecznych; bez mieszanek i dodatkow.","PostgreSQL ingredients.name_pl (snapshot 2026-10-01); https://www.niddk.nih.gov/health-information/digestive-diseases/lactose-intolerance/eating-diet-nutrition","2026-10-01",""
"C040","ogórek","1","Jednoskladnikowy koncept roslinny/mineralny bez skladnikow mlecznych; bez mieszanek i dodatkow.","PostgreSQL ingredients.name_pl (snapshot 2026-10-01); https://www.niddk.nih.gov/health-information/digestive-diseases/lactose-intolerance/eating-diet-nutrition","2026-10-01",""
"C041","ogórek kiszony","1","Zatwierdzona definicja konceptu: Ogórek kiszony (ogórki, woda, sól, czosnek, koper); fermentacja mlekowa roślinna, brak laktozy.","Klasyfikacja wlascicielki katalogu: koncepty laktoza.csv; akceptacja zakresu 2026-10-01","2026-10-01",""
"C042","sałata","1","Jednoskladnikowy koncept roslinny/mineralny bez skladnikow mlecznych; bez mieszanek i dodatkow.","PostgreSQL ingredients.name_pl (snapshot 2026-10-01); https://www.niddk.nih.gov/health-information/digestive-diseases/lactose-intolerance/eating-diet-nutrition","2026-10-01",""
"C043","cukinia","1","Jednoskladnikowy koncept roslinny/mineralny bez skladnikow mlecznych; bez mieszanek i dodatkow.","PostgreSQL ingredients.name_pl (snapshot 2026-10-01); https://www.niddk.nih.gov/health-information/digestive-diseases/lactose-intolerance/eating-diet-nutrition","2026-10-01",""
"C044","pieczarki","1","Jednoskladnikowy koncept roslinny/mineralny bez skladnikow mlecznych; bez mieszanek i dodatkow.","PostgreSQL ingredients.name_pl (snapshot 2026-10-01); https://www.niddk.nih.gov/health-information/digestive-diseases/lactose-intolerance/eating-diet-nutrition","2026-10-01",""
"C045","brokuł","1","Jednoskladnikowy koncept roslinny/mineralny bez skladnikow mlecznych; bez mieszanek i dodatkow.","PostgreSQL ingredients.name_pl (snapshot 2026-10-01); https://www.niddk.nih.gov/health-information/digestive-diseases/lactose-intolerance/eating-diet-nutrition","2026-10-01",""
"C046","cukier","1","Prosty koncept bez skladnikow mlecznych; dotyczy czystego skladnika.","PostgreSQL ingredients.name_pl (snapshot 2026-10-01); https://www.niddk.nih.gov/health-information/digestive-diseases/lactose-intolerance/eating-diet-nutrition","2026-10-01",""
"C047","miód","1","Prosty koncept bez skladnikow mlecznych; dotyczy czystego skladnika.","PostgreSQL ingredients.name_pl (snapshot 2026-10-01); https://www.niddk.nih.gov/health-information/digestive-diseases/lactose-intolerance/eating-diet-nutrition","2026-10-01",""
"C048","Mąka pszenna typ 450","1","Jednoskladnikowy koncept roslinny/mineralny bez skladnikow mlecznych; bez mieszanek i dodatkow.","PostgreSQL ingredients.name_pl (snapshot 2026-10-01); https://www.niddk.nih.gov/health-information/digestive-diseases/lactose-intolerance/eating-diet-nutrition","2026-10-01",""
"C049","Mąka pszenna typ 500","1","Jednoskladnikowy koncept roslinny/mineralny bez skladnikow mlecznych; bez mieszanek i dodatkow.","PostgreSQL ingredients.name_pl (snapshot 2026-10-01); https://www.niddk.nih.gov/health-information/digestive-diseases/lactose-intolerance/eating-diet-nutrition","2026-10-01",""
"C050","Mąka pszenna pełnoziarnista","1","Jednoskladnikowy koncept roslinny/mineralny bez skladnikow mlecznych; bez mieszanek i dodatkow.","PostgreSQL ingredients.name_pl (snapshot 2026-10-01); https://www.niddk.nih.gov/health-information/digestive-diseases/lactose-intolerance/eating-diet-nutrition","2026-10-01",""
"C051","Mąka żytnia","1","Jednoskladnikowy koncept roslinny/mineralny bez skladnikow mlecznych; bez mieszanek i dodatkow.","PostgreSQL ingredients.name_pl (snapshot 2026-10-01); https://www.niddk.nih.gov/health-information/digestive-diseases/lactose-intolerance/eating-diet-nutrition","2026-10-01",""
"C052","Mąka orkiszowa","1","Jednoskladnikowy koncept roslinny/mineralny bez skladnikow mlecznych; bez mieszanek i dodatkow.","PostgreSQL ingredients.name_pl (snapshot 2026-10-01); https://www.niddk.nih.gov/health-information/digestive-diseases/lactose-intolerance/eating-diet-nutrition","2026-10-01",""
"C053","Mąka gryczana","1","Jednoskladnikowy koncept roslinny/mineralny bez skladnikow mlecznych; bez mieszanek i dodatkow.","PostgreSQL ingredients.name_pl (snapshot 2026-10-01); https://www.niddk.nih.gov/health-information/digestive-diseases/lactose-intolerance/eating-diet-nutrition","2026-10-01",""
"C054","Mąka ryżowa","1","Jednoskladnikowy koncept roslinny/mineralny bez skladnikow mlecznych; bez mieszanek i dodatkow.","PostgreSQL ingredients.name_pl (snapshot 2026-10-01); https://www.niddk.nih.gov/health-information/digestive-diseases/lactose-intolerance/eating-diet-nutrition","2026-10-01",""
"C055","Mąka kukurydziana","1","Jednoskladnikowy koncept roslinny/mineralny bez skladnikow mlecznych; bez mieszanek i dodatkow.","PostgreSQL ingredients.name_pl (snapshot 2026-10-01); https://www.niddk.nih.gov/health-information/digestive-diseases/lactose-intolerance/eating-diet-nutrition","2026-10-01",""
"C056","Mąka ziemniaczana","1","Jednoskladnikowy koncept roslinny/mineralny bez skladnikow mlecznych; bez mieszanek i dodatkow.","PostgreSQL ingredients.name_pl (snapshot 2026-10-01); https://www.niddk.nih.gov/health-information/digestive-diseases/lactose-intolerance/eating-diet-nutrition","2026-10-01",""
"C057","Chleb żytni na zakwasie","1","Zatwierdzona definicja konceptu: Chleb żytni na zakwasie (mąka żytnia, zakwas, woda, sól); tradycyjny wypiek bez laktozy.","Klasyfikacja wlascicielki katalogu: koncepty laktoza.csv; akceptacja zakresu 2026-10-01","2026-10-01",""
"C058","Chleb tostowy","0","Zatwierdzona definicja konceptu: Chleb tostowy; warianty rynkowe powszechnie zawierają dodatek serwatki w proszku, mleka lub maślanki.","Klasyfikacja wlascicielki katalogu: koncepty laktoza.csv; akceptacja zakresu 2026-10-01","2026-10-01",""
"C059","Bułka kajzerka","1","Zatwierdzona definicja konceptu: Bułka kajzerka (mąka, woda, drożdże, sól); tradycyjny wypiek bez laktozy.","Klasyfikacja wlascicielki katalogu: koncepty laktoza.csv; akceptacja zakresu 2026-10-01","2026-10-01",""
"C060","Bagietka francuska","1","Zatwierdzona definicja konceptu: Bagietka francuska (mąka, woda, drożdże, sól); tradycyjny wypiek bez laktozy.","Klasyfikacja wlascicielki katalogu: koncepty laktoza.csv; akceptacja zakresu 2026-10-01","2026-10-01",""
"C061","Tortilla kukurydziana","1","Zatwierdzona definicja konceptu: Tortilla kukurydziana (mąka kukurydziana, woda, sól); produkt 100% roślinny.","Klasyfikacja wlascicielki katalogu: koncepty laktoza.csv; akceptacja zakresu 2026-10-01","2026-10-01",""
"C062","Pumpernikiel","1","Zatwierdzona definicja konceptu: Pumpernikiel (mąka żytnia razowa, woda, zakwas/słód); bez składników mlecznych.","Klasyfikacja wlascicielki katalogu: koncepty laktoza.csv; akceptacja zakresu 2026-10-01","2026-10-01",""
"C063","Bułka tarta","1","Zatwierdzona definicja konceptu: Bułka tarta (pieczywo pszenne bez dodatków mlecznych).","Klasyfikacja wlascicielki katalogu: koncepty laktoza.csv; akceptacja zakresu 2026-10-01","2026-10-01",""
"C064","Ryż biały","1","Jednoskladnikowy koncept roslinny/mineralny bez skladnikow mlecznych; bez mieszanek i dodatkow.","PostgreSQL ingredients.name_pl (snapshot 2026-10-01); https://www.niddk.nih.gov/health-information/digestive-diseases/lactose-intolerance/eating-diet-nutrition","2026-10-01",""
"C065","Ryż brązowy","1","Jednoskladnikowy koncept roslinny/mineralny bez skladnikow mlecznych; bez mieszanek i dodatkow.","PostgreSQL ingredients.name_pl (snapshot 2026-10-01); https://www.niddk.nih.gov/health-information/digestive-diseases/lactose-intolerance/eating-diet-nutrition","2026-10-01",""
"C066","Ryż jaśminowy","1","Jednoskladnikowy koncept roslinny/mineralny bez skladnikow mlecznych; bez mieszanek i dodatkow.","PostgreSQL ingredients.name_pl (snapshot 2026-10-01); https://www.niddk.nih.gov/health-information/digestive-diseases/lactose-intolerance/eating-diet-nutrition","2026-10-01",""
"C067","Ryż basmati","1","Jednoskladnikowy koncept roslinny/mineralny bez skladnikow mlecznych; bez mieszanek i dodatkow.","PostgreSQL ingredients.name_pl (snapshot 2026-10-01); https://www.niddk.nih.gov/health-information/digestive-diseases/lactose-intolerance/eating-diet-nutrition","2026-10-01",""
"C068","Ryż arborio","1","Jednoskladnikowy koncept roslinny/mineralny bez skladnikow mlecznych; bez mieszanek i dodatkow.","PostgreSQL ingredients.name_pl (snapshot 2026-10-01); https://www.niddk.nih.gov/health-information/digestive-diseases/lactose-intolerance/eating-diet-nutrition","2026-10-01",""
"C069","Ryż paraboliczny","1","Jednoskladnikowy koncept roslinny/mineralny bez skladnikow mlecznych; bez mieszanek i dodatkow.","PostgreSQL ingredients.name_pl (snapshot 2026-10-01); https://www.niddk.nih.gov/health-information/digestive-diseases/lactose-intolerance/eating-diet-nutrition","2026-10-01",""
"C070","Kasza gryczana palona","1","Jednoskladnikowy koncept roslinny/mineralny bez skladnikow mlecznych; bez mieszanek i dodatkow.","PostgreSQL ingredients.name_pl (snapshot 2026-10-01); https://www.niddk.nih.gov/health-information/digestive-diseases/lactose-intolerance/eating-diet-nutrition","2026-10-01",""
"C071","Kasza gryczana niepalona","1","Jednoskladnikowy koncept roslinny/mineralny bez skladnikow mlecznych; bez mieszanek i dodatkow.","PostgreSQL ingredients.name_pl (snapshot 2026-10-01); https://www.niddk.nih.gov/health-information/digestive-diseases/lactose-intolerance/eating-diet-nutrition","2026-10-01",""
"C072","Kasza jaglana","1","Jednoskladnikowy koncept roslinny/mineralny bez skladnikow mlecznych; bez mieszanek i dodatkow.","PostgreSQL ingredients.name_pl (snapshot 2026-10-01); https://www.niddk.nih.gov/health-information/digestive-diseases/lactose-intolerance/eating-diet-nutrition","2026-10-01",""
"C073","Kasza jęczmienna wiejska","1","Jednoskladnikowy koncept roslinny/mineralny bez skladnikow mlecznych; bez mieszanek i dodatkow.","PostgreSQL ingredients.name_pl (snapshot 2026-10-01); https://www.niddk.nih.gov/health-information/digestive-diseases/lactose-intolerance/eating-diet-nutrition","2026-10-01",""
"C074","Kasza pęczak","1","Jednoskladnikowy koncept roslinny/mineralny bez skladnikow mlecznych; bez mieszanek i dodatkow.","PostgreSQL ingredients.name_pl (snapshot 2026-10-01); https://www.niddk.nih.gov/health-information/digestive-diseases/lactose-intolerance/eating-diet-nutrition","2026-10-01",""
"C075","Kasza kuskus","1","Jednoskladnikowy koncept roslinny/mineralny bez skladnikow mlecznych; bez mieszanek i dodatkow.","PostgreSQL ingredients.name_pl (snapshot 2026-10-01); https://www.niddk.nih.gov/health-information/digestive-diseases/lactose-intolerance/eating-diet-nutrition","2026-10-01",""
"C076","Kasza bulgur","1","Jednoskladnikowy koncept roslinny/mineralny bez skladnikow mlecznych; bez mieszanek i dodatkow.","PostgreSQL ingredients.name_pl (snapshot 2026-10-01); https://www.niddk.nih.gov/health-information/digestive-diseases/lactose-intolerance/eating-diet-nutrition","2026-10-01",""
"C077","Komosa ryżowa","1","Jednoskladnikowy koncept roslinny/mineralny bez skladnikow mlecznych; bez mieszanek i dodatkow.","PostgreSQL ingredients.name_pl (snapshot 2026-10-01); https://www.niddk.nih.gov/health-information/digestive-diseases/lactose-intolerance/eating-diet-nutrition","2026-10-01",""
"C078","Amarantus","1","Jednoskladnikowy koncept roslinny/mineralny bez skladnikow mlecznych; bez mieszanek i dodatkow.","PostgreSQL ingredients.name_pl (snapshot 2026-10-01); https://www.niddk.nih.gov/health-information/digestive-diseases/lactose-intolerance/eating-diet-nutrition","2026-10-01",""
"C079","Makaron pszenny świderki","1","Zatwierdzona definicja konceptu: Makaron pszenny świderki (mąka, woda); brak składników mlecznych.","Klasyfikacja wlascicielki katalogu: koncepty laktoza.csv; akceptacja zakresu 2026-10-01","2026-10-01",""
"C080","Makaron spaghetti","1","Zatwierdzona definicja konceptu: Makaron spaghetti (semolina, woda); brak składników mlecznych.","Klasyfikacja wlascicielki katalogu: koncepty laktoza.csv; akceptacja zakresu 2026-10-01","2026-10-01",""
"C081","Makaron penne","1","Zatwierdzona definicja konceptu: Makaron penne (semolina, woda); brak składników mlecznych.","Klasyfikacja wlascicielki katalogu: koncepty laktoza.csv; akceptacja zakresu 2026-10-01","2026-10-01",""
"C082","Makaron ryżowy","1","Zatwierdzona definicja konceptu: Makaron ryżowy (mąka ryżowa, woda); produkt 100% roślinny.","Klasyfikacja wlascicielki katalogu: koncepty laktoza.csv; akceptacja zakresu 2026-10-01","2026-10-01",""
"C083","Makaron sojowy","1","Zatwierdzona definicja konceptu: Makaron sojowy (skrobia roślinna, woda); produkt 100% roślinny.","Klasyfikacja wlascicielki katalogu: koncepty laktoza.csv; akceptacja zakresu 2026-10-01","2026-10-01",""
"C084","Makaron gryczany soba","1","Zatwierdzona definicja konceptu: Makaron gryczany soba (mąka gryczana, woda); bez składników mlecznych.","Klasyfikacja wlascicielki katalogu: koncepty laktoza.csv; akceptacja zakresu 2026-10-01","2026-10-01",""
"C085","Makaron udon","1","Zatwierdzona definicja konceptu: Makaron udon (mąka pszenna, woda, sól); bez składników mlecznych.","Klasyfikacja wlascicielki katalogu: koncepty laktoza.csv; akceptacja zakresu 2026-10-01","2026-10-01",""
"C086","Płatki owsiane górskie","1","Jednoskladnikowy koncept roslinny/mineralny bez skladnikow mlecznych; bez mieszanek i dodatkow.","PostgreSQL ingredients.name_pl (snapshot 2026-10-01); https://www.niddk.nih.gov/health-information/digestive-diseases/lactose-intolerance/eating-diet-nutrition","2026-10-01",""
"C087","Płatki owsiane błyskawiczne","1","Jednoskladnikowy koncept roslinny/mineralny bez skladnikow mlecznych; bez mieszanek i dodatkow.","PostgreSQL ingredients.name_pl (snapshot 2026-10-01); https://www.niddk.nih.gov/health-information/digestive-diseases/lactose-intolerance/eating-diet-nutrition","2026-10-01",""
"C088","Płatki jaglane","1","Jednoskladnikowy koncept roslinny/mineralny bez skladnikow mlecznych; bez mieszanek i dodatkow.","PostgreSQL ingredients.name_pl (snapshot 2026-10-01); https://www.niddk.nih.gov/health-information/digestive-diseases/lactose-intolerance/eating-diet-nutrition","2026-10-01",""
"C089","Płatki kukurydziane","1","Zatwierdzona definicja konceptu: Płatki kukurydziane (grys kukurydziany, cukier, sól, słód); bez laktozy.","Klasyfikacja wlascicielki katalogu: koncepty laktoza.csv; akceptacja zakresu 2026-10-01","2026-10-01",""
"C090","Musli","1","Zatwierdzona definicja konceptu: Musli (płatki zbożowe, nasiona, bakalie, orzechy); czyste musli bez dodatków mlecznych.","Klasyfikacja wlascicielki katalogu: koncepty laktoza.csv; akceptacja zakresu 2026-10-01","2026-10-01",""
"C091","Mleko krowie 3.2%","0","Zwykly nabial lub czekolada mleczna/biala; brak jawnego wariantu bez laktozy.","PostgreSQL ingredients.name_pl (snapshot 2026-10-01); https://www.niddk.nih.gov/health-information/digestive-diseases/lactose-intolerance/eating-diet-nutrition","2026-10-01",""
"C092","Mleko krowie 2%","0","Zwykly nabial lub czekolada mleczna/biala; brak jawnego wariantu bez laktozy.","PostgreSQL ingredients.name_pl (snapshot 2026-10-01); https://www.niddk.nih.gov/health-information/digestive-diseases/lactose-intolerance/eating-diet-nutrition","2026-10-01",""
"C093","Mleko krowie 0.5%","0","Zwykly nabial lub czekolada mleczna/biala; brak jawnego wariantu bez laktozy.","PostgreSQL ingredients.name_pl (snapshot 2026-10-01); https://www.niddk.nih.gov/health-information/digestive-diseases/lactose-intolerance/eating-diet-nutrition","2026-10-01",""
"C094","Mleko bez laktozy","1","Definicja konceptu jawnie wymaga mleka bez laktozy; nadal zawiera mleko i nie jest vegan.","PostgreSQL ingredients.name_pl (snapshot 2026-10-01); https://www.niddk.nih.gov/health-information/digestive-diseases/lactose-intolerance/eating-diet-nutrition","2026-10-01",""
"C095","Jogurt grecki","0","Zwykly nabial lub czekolada mleczna/biala; brak jawnego wariantu bez laktozy.","PostgreSQL ingredients.name_pl (snapshot 2026-10-01); https://www.niddk.nih.gov/health-information/digestive-diseases/lactose-intolerance/eating-diet-nutrition","2026-10-01",""
"C096","Jogurt skyr","0","Zwykly nabial lub czekolada mleczna/biala; brak jawnego wariantu bez laktozy.","PostgreSQL ingredients.name_pl (snapshot 2026-10-01); https://www.niddk.nih.gov/health-information/digestive-diseases/lactose-intolerance/eating-diet-nutrition","2026-10-01",""
"C097","Kefir","0","Zwykly nabial lub czekolada mleczna/biala; brak jawnego wariantu bez laktozy.","PostgreSQL ingredients.name_pl (snapshot 2026-10-01); https://www.niddk.nih.gov/health-information/digestive-diseases/lactose-intolerance/eating-diet-nutrition","2026-10-01",""
"C098","Maślanka","0","Zwykly nabial lub czekolada mleczna/biala; brak jawnego wariantu bez laktozy.","PostgreSQL ingredients.name_pl (snapshot 2026-10-01); https://www.niddk.nih.gov/health-information/digestive-diseases/lactose-intolerance/eating-diet-nutrition","2026-10-01",""
"C099","Śmietana 12%","0","Zwykly nabial lub czekolada mleczna/biala; brak jawnego wariantu bez laktozy.","PostgreSQL ingredients.name_pl (snapshot 2026-10-01); https://www.niddk.nih.gov/health-information/digestive-diseases/lactose-intolerance/eating-diet-nutrition","2026-10-01",""
"C100","Śmietana 18%","0","Zwykly nabial lub czekolada mleczna/biala; brak jawnego wariantu bez laktozy.","PostgreSQL ingredients.name_pl (snapshot 2026-10-01); https://www.niddk.nih.gov/health-information/digestive-diseases/lactose-intolerance/eating-diet-nutrition","2026-10-01",""
"C101","Śmietanka 30%","0","Zwykly nabial lub czekolada mleczna/biala; brak jawnego wariantu bez laktozy.","PostgreSQL ingredients.name_pl (snapshot 2026-10-01); https://www.niddk.nih.gov/health-information/digestive-diseases/lactose-intolerance/eating-diet-nutrition","2026-10-01",""
"C102","Śmietanka 36%","0","Zwykly nabial lub czekolada mleczna/biala; brak jawnego wariantu bez laktozy.","PostgreSQL ingredients.name_pl (snapshot 2026-10-01); https://www.niddk.nih.gov/health-information/digestive-diseases/lactose-intolerance/eating-diet-nutrition","2026-10-01",""
"C103","Masło ekstra 82%","0","Zwykly nabial lub czekolada mleczna/biala; brak jawnego wariantu bez laktozy.","PostgreSQL ingredients.name_pl (snapshot 2026-10-01); https://www.niddk.nih.gov/health-information/digestive-diseases/lactose-intolerance/eating-diet-nutrition","2026-10-01",""
"C104","Masło klarowane ghee","","Ser lub ghee: zawartosc laktozy zalezy od procesu/odmiany. Nie utozsamiamy niskiej zawartosci z bez laktozy.","PostgreSQL ingredients.name_pl (snapshot 2026-10-01); https://www.niddk.nih.gov/health-information/digestive-diseases/lactose-intolerance/eating-diet-nutrition","2026-10-01","Potwierdz deklaracje bez laktozy albo zmierzona zawartosc wraz z kryterium kwalifikacji."
"C105","Ser żółty gouda","0","Zatwierdzona definicja konceptu: Ser żółty gouda; młode/krótko dojrzewające warianty handlowe zawierają laktozę; brak gwarancji.","Klasyfikacja wlascicielki katalogu: koncepty laktoza.csv; akceptacja zakresu 2026-10-01","2026-10-01",""
"C106","Ser żółty edamski","0","Zatwierdzona definicja konceptu: Ser żółty edamski; sery o krótszym dojrzewaniu zawierają laktozę; brak gwarancji braku laktozy.","Klasyfikacja wlascicielki katalogu: koncepty laktoza.csv; akceptacja zakresu 2026-10-01","2026-10-01",""
"C107","Ser cheddar","0","Zatwierdzona definicja konceptu: Ser cheddar; handlowe odmiany łagodne/tostowe mogą zawierać laktozę; brak gwarancji braku laktozy.","Klasyfikacja wlascicielki katalogu: koncepty laktoza.csv; akceptacja zakresu 2026-10-01","2026-10-01",""
"C108","Ser parmezan","1","Wylacznie Parmigiano Reggiano DOP, naturalnie bez laktozy; nie dowolny ser typu parmezan. Bez deklaracji konkretnego poziomu laboratoryjnego.","Klasyfikacja wlascicielki katalogu: koncepty laktoza.csv; akceptacja zakresu 2026-10-01; https://www.parmigianoreggiano.com/it/faq","2026-10-01",""
"C109","Ser grana padano","1","Grana Padano DOP, naturalnie bez laktozy wedlug konsorcjum; minimum 9 miesiecy dojrzewania. Pomiar galaktozy nie jest pomiarem laktozy.","Klasyfikacja wlascicielki katalogu: koncepty laktoza.csv; akceptacja zakresu 2026-10-01; https://www.granapadano.it/en-en/the-foundation-of-wellbeing/nutritional-properties/grana-padano-naturally-lactose-free/","2026-10-01",""
"C110","Ser mozzarella w zalewie","0","Zwykly nabial lub czekolada mleczna/biala; brak jawnego wariantu bez laktozy.","PostgreSQL ingredients.name_pl (snapshot 2026-10-01); https://www.niddk.nih.gov/health-information/digestive-diseases/lactose-intolerance/eating-diet-nutrition","2026-10-01",""
"C111","Ser mozzarella żółta","0","Zwykly nabial lub czekolada mleczna/biala; brak jawnego wariantu bez laktozy.","PostgreSQL ingredients.name_pl (snapshot 2026-10-01); https://www.niddk.nih.gov/health-information/digestive-diseases/lactose-intolerance/eating-diet-nutrition","2026-10-01",""
"C112","Ser feta","0","Zwykly nabial lub czekolada mleczna/biala; brak jawnego wariantu bez laktozy.","PostgreSQL ingredients.name_pl (snapshot 2026-10-01); https://www.niddk.nih.gov/health-information/digestive-diseases/lactose-intolerance/eating-diet-nutrition","2026-10-01",""
"C113","Ser halloumi","0","Zwykly nabial lub czekolada mleczna/biala; brak jawnego wariantu bez laktozy.","PostgreSQL ingredients.name_pl (snapshot 2026-10-01); https://www.niddk.nih.gov/health-information/digestive-diseases/lactose-intolerance/eating-diet-nutrition","2026-10-01",""
"C114","Ser camembert","0","Zwykly nabial lub czekolada mleczna/biala; brak jawnego wariantu bez laktozy.","PostgreSQL ingredients.name_pl (snapshot 2026-10-01); https://www.niddk.nih.gov/health-information/digestive-diseases/lactose-intolerance/eating-diet-nutrition","2026-10-01",""
"C115","Ser brie","0","Zwykly nabial lub czekolada mleczna/biala; brak jawnego wariantu bez laktozy.","PostgreSQL ingredients.name_pl (snapshot 2026-10-01); https://www.niddk.nih.gov/health-information/digestive-diseases/lactose-intolerance/eating-diet-nutrition","2026-10-01",""
"C116","Ser gorgonzola","0","Zwykly nabial lub czekolada mleczna/biala; brak jawnego wariantu bez laktozy.","PostgreSQL ingredients.name_pl (snapshot 2026-10-01); https://www.niddk.nih.gov/health-information/digestive-diseases/lactose-intolerance/eating-diet-nutrition","2026-10-01",""
"C117","Twaróg chudy","0","Zwykly nabial lub czekolada mleczna/biala; brak jawnego wariantu bez laktozy.","PostgreSQL ingredients.name_pl (snapshot 2026-10-01); https://www.niddk.nih.gov/health-information/digestive-diseases/lactose-intolerance/eating-diet-nutrition","2026-10-01",""
"C118","Twaróg półtłusty","0","Zwykly nabial lub czekolada mleczna/biala; brak jawnego wariantu bez laktozy.","PostgreSQL ingredients.name_pl (snapshot 2026-10-01); https://www.niddk.nih.gov/health-information/digestive-diseases/lactose-intolerance/eating-diet-nutrition","2026-10-01",""
"C119","Twaróg tłusty","0","Zwykly nabial lub czekolada mleczna/biala; brak jawnego wariantu bez laktozy.","PostgreSQL ingredients.name_pl (snapshot 2026-10-01); https://www.niddk.nih.gov/health-information/digestive-diseases/lactose-intolerance/eating-diet-nutrition","2026-10-01",""
"C120","Serek wiejski","0","Zwykly nabial lub czekolada mleczna/biala; brak jawnego wariantu bez laktozy.","PostgreSQL ingredients.name_pl (snapshot 2026-10-01); https://www.niddk.nih.gov/health-information/digestive-diseases/lactose-intolerance/eating-diet-nutrition","2026-10-01",""
"C121","Serek śmietankowy typu philadelphia","0","Zwykly nabial lub czekolada mleczna/biala; brak jawnego wariantu bez laktozy.","PostgreSQL ingredients.name_pl (snapshot 2026-10-01); https://www.niddk.nih.gov/health-information/digestive-diseases/lactose-intolerance/eating-diet-nutrition","2026-10-01",""
"C122","Mascarpone","0","Zwykly nabial lub czekolada mleczna/biala; brak jawnego wariantu bez laktozy.","PostgreSQL ingredients.name_pl (snapshot 2026-10-01); https://www.niddk.nih.gov/health-information/digestive-diseases/lactose-intolerance/eating-diet-nutrition","2026-10-01",""
"C123","Ricotta","0","Zwykly nabial lub czekolada mleczna/biala; brak jawnego wariantu bez laktozy.","PostgreSQL ingredients.name_pl (snapshot 2026-10-01); https://www.niddk.nih.gov/health-information/digestive-diseases/lactose-intolerance/eating-diet-nutrition","2026-10-01",""
"C124","Jajko kurze klasa M","1","Jajko lub surowe mieso/ryba/owoc morza/tluszcz; definicja nie obejmuje marynaty ani dodatkow mlecznych.","PostgreSQL ingredients.name_pl (snapshot 2026-10-01); https://www.niddk.nih.gov/health-information/digestive-diseases/lactose-intolerance/eating-diet-nutrition","2026-10-01",""
"C125","Jajko przepiórcze","1","Jajko lub surowe mieso/ryba/owoc morza/tluszcz; definicja nie obejmuje marynaty ani dodatkow mlecznych.","PostgreSQL ingredients.name_pl (snapshot 2026-10-01); https://www.niddk.nih.gov/health-information/digestive-diseases/lactose-intolerance/eating-diet-nutrition","2026-10-01",""
"C126","Udo z kurczaka bez kości","1","Jajko lub surowe mieso/ryba/owoc morza/tluszcz; definicja nie obejmuje marynaty ani dodatkow mlecznych.","PostgreSQL ingredients.name_pl (snapshot 2026-10-01); https://www.niddk.nih.gov/health-information/digestive-diseases/lactose-intolerance/eating-diet-nutrition","2026-10-01",""
"C127","Skrzydła z kurczaka","1","Jajko lub surowe mieso/ryba/owoc morza/tluszcz; definicja nie obejmuje marynaty ani dodatkow mlecznych.","PostgreSQL ingredients.name_pl (snapshot 2026-10-01); https://www.niddk.nih.gov/health-information/digestive-diseases/lactose-intolerance/eating-diet-nutrition","2026-10-01",""
"C128","Wątróbka drobiowa","1","Jajko lub surowe mieso/ryba/owoc morza/tluszcz; definicja nie obejmuje marynaty ani dodatkow mlecznych.","PostgreSQL ingredients.name_pl (snapshot 2026-10-01); https://www.niddk.nih.gov/health-information/digestive-diseases/lactose-intolerance/eating-diet-nutrition","2026-10-01",""
"C129","Mięso mielone z indyka","1","Jajko lub surowe mieso/ryba/owoc morza/tluszcz; definicja nie obejmuje marynaty ani dodatkow mlecznych.","PostgreSQL ingredients.name_pl (snapshot 2026-10-01); https://www.niddk.nih.gov/health-information/digestive-diseases/lactose-intolerance/eating-diet-nutrition","2026-10-01",""
"C130","Wołowina mielona","1","Jajko lub surowe mieso/ryba/owoc morza/tluszcz; definicja nie obejmuje marynaty ani dodatkow mlecznych.","PostgreSQL ingredients.name_pl (snapshot 2026-10-01); https://www.niddk.nih.gov/health-information/digestive-diseases/lactose-intolerance/eating-diet-nutrition","2026-10-01",""
"C131","Rostbef wołowy","1","Jajko lub surowe mieso/ryba/owoc morza/tluszcz; definicja nie obejmuje marynaty ani dodatkow mlecznych.","PostgreSQL ingredients.name_pl (snapshot 2026-10-01); https://www.niddk.nih.gov/health-information/digestive-diseases/lactose-intolerance/eating-diet-nutrition","2026-10-01",""
"C132","Polędwica wołowa","1","Jajko lub surowe mieso/ryba/owoc morza/tluszcz; definicja nie obejmuje marynaty ani dodatkow mlecznych.","PostgreSQL ingredients.name_pl (snapshot 2026-10-01); https://www.niddk.nih.gov/health-information/digestive-diseases/lactose-intolerance/eating-diet-nutrition","2026-10-01",""
"C133","Antrykot wołowy","1","Jajko lub surowe mieso/ryba/owoc morza/tluszcz; definicja nie obejmuje marynaty ani dodatkow mlecznych.","PostgreSQL ingredients.name_pl (snapshot 2026-10-01); https://www.niddk.nih.gov/health-information/digestive-diseases/lactose-intolerance/eating-diet-nutrition","2026-10-01",""
"C134","Polędwiczka wieprzowa","1","Jajko lub surowe mieso/ryba/owoc morza/tluszcz; definicja nie obejmuje marynaty ani dodatkow mlecznych.","PostgreSQL ingredients.name_pl (snapshot 2026-10-01); https://www.niddk.nih.gov/health-information/digestive-diseases/lactose-intolerance/eating-diet-nutrition","2026-10-01",""
"C135","Schab wieprzowy","1","Jajko lub surowe mieso/ryba/owoc morza/tluszcz; definicja nie obejmuje marynaty ani dodatkow mlecznych.","PostgreSQL ingredients.name_pl (snapshot 2026-10-01); https://www.niddk.nih.gov/health-information/digestive-diseases/lactose-intolerance/eating-diet-nutrition","2026-10-01",""
"C136","Karkówka wieprzowa","1","Jajko lub surowe mieso/ryba/owoc morza/tluszcz; definicja nie obejmuje marynaty ani dodatkow mlecznych.","PostgreSQL ingredients.name_pl (snapshot 2026-10-01); https://www.niddk.nih.gov/health-information/digestive-diseases/lactose-intolerance/eating-diet-nutrition","2026-10-01",""
"C137","Żeberka wieprzowe","1","Jajko lub surowe mieso/ryba/owoc morza/tluszcz; definicja nie obejmuje marynaty ani dodatkow mlecznych.","PostgreSQL ingredients.name_pl (snapshot 2026-10-01); https://www.niddk.nih.gov/health-information/digestive-diseases/lactose-intolerance/eating-diet-nutrition","2026-10-01",""
"C138","Mięso mielone wieprzowe","1","Jajko lub surowe mieso/ryba/owoc morza/tluszcz; definicja nie obejmuje marynaty ani dodatkow mlecznych.","PostgreSQL ingredients.name_pl (snapshot 2026-10-01); https://www.niddk.nih.gov/health-information/digestive-diseases/lactose-intolerance/eating-diet-nutrition","2026-10-01",""
"C139","Boczek surowy","1","Jajko lub surowe mieso/ryba/owoc morza/tluszcz; definicja nie obejmuje marynaty ani dodatkow mlecznych.","PostgreSQL ingredients.name_pl (snapshot 2026-10-01); https://www.niddk.nih.gov/health-information/digestive-diseases/lactose-intolerance/eating-diet-nutrition","2026-10-01",""
"C140","Boczek wędzony","1","Zatwierdzona definicja konceptu: Boczek wędzony (boczek wieprzowy, sól, dym wędzarniczy); brak składników mlecznych.","Klasyfikacja wlascicielki katalogu: koncepty laktoza.csv; akceptacja zakresu 2026-10-01","2026-10-01",""
"C141","Szynka wieprzowa surowa","1","Jajko lub surowe mieso/ryba/owoc morza/tluszcz; definicja nie obejmuje marynaty ani dodatkow mlecznych.","PostgreSQL ingredients.name_pl (snapshot 2026-10-01); https://www.niddk.nih.gov/health-information/digestive-diseases/lactose-intolerance/eating-diet-nutrition","2026-10-01",""
"C142","Szynka parmeńska","1","Zatwierdzona definicja konceptu: Szynka parmeńska (mięso wieprzowe, sól morska); produkt tradycyjny bez laktozy.","Klasyfikacja wlascicielki katalogu: koncepty laktoza.csv; akceptacja zakresu 2026-10-01","2026-10-01",""
"C143","Szynka konserwowa","0","Zatwierdzona definicja konceptu: Szynka konserwowa; powszechne stosowanie serwatki, kazeinianów lub laktozy jako wypełniaczy.","Klasyfikacja wlascicielki katalogu: koncepty laktoza.csv; akceptacja zakresu 2026-10-01","2026-10-01",""
"C144","Kiełbasa śląska","0","Zatwierdzona definicja konceptu: Kiełbasa śląska; kiełbasa parzona, wysokie ryzyko dodatku serwatki w proszku/białek mleka w recepturach komercyjnych.","Klasyfikacja wlascicielki katalogu: koncepty laktoza.csv; akceptacja zakresu 2026-10-01","2026-10-01",""
"C145","Kiełbasa krakowska sucha","1","Zatwierdzona definicja konceptu: Kiełbasa krakowska sucha (mięso wieprzowe, przyprawy, peklosól); tradycyjnie bez laktozy.","Klasyfikacja wlascicielki katalogu: koncepty laktoza.csv; akceptacja zakresu 2026-10-01","2026-10-01",""
"C146","Kabanosy wieprzowe","1","Zatwierdzona definicja konceptu: Kabanosy wieprzowe (mięso wieprzowe, przyprawy); standardowo bez dodatków mlecznych.","Klasyfikacja wlascicielki katalogu: koncepty laktoza.csv; akceptacja zakresu 2026-10-01","2026-10-01",""
"C147","Kabanosy drobiowe","1","Zatwierdzona definicja konceptu: Kabanosy drobiowe (mięso drobiowe, przyprawy); standardowo bez dodatków mlecznych.","Klasyfikacja wlascicielki katalogu: koncepty laktoza.csv; akceptacja zakresu 2026-10-01","2026-10-01",""
"C148","Salami","0","Zatwierdzona definicja konceptu: Salami; powszechny dodatek laktozy/mleka w proszku jako pożywki dla kultur starterowych przy fermentacji.","Klasyfikacja wlascicielki katalogu: koncepty laktoza.csv; akceptacja zakresu 2026-10-01","2026-10-01",""
"C149","Pasztet pieczony","0","Zatwierdzona definicja konceptu: Pasztet pieczony; powszechny dodatek mleka, śmietanki, bułki moczonej w mleku lub serwatki.","Klasyfikacja wlascicielki katalogu: koncepty laktoza.csv; akceptacja zakresu 2026-10-01","2026-10-01",""
"C150","Parówki wieprzowe","0","Zatwierdzona definicja konceptu: Parówki wieprzowe; wyroby drobno rozdrobnione homogenizowane powszechnie zawierają serwatkę lub laktozę.","Klasyfikacja wlascicielki katalogu: koncepty laktoza.csv; akceptacja zakresu 2026-10-01","2026-10-01",""
"C151","Parówki z kurczaka","0","Zatwierdzona definicja konceptu: Parówki z kurczaka; wyroby drobno rozdrobnione homogenizowane powszechnie zawierają serwatkę lub laktozę.","Klasyfikacja wlascicielki katalogu: koncepty laktoza.csv; akceptacja zakresu 2026-10-01","2026-10-01",""
"C152","Łosoś świeży","1","Jajko lub surowe mieso/ryba/owoc morza/tluszcz; definicja nie obejmuje marynaty ani dodatkow mlecznych.","PostgreSQL ingredients.name_pl (snapshot 2026-10-01); https://www.niddk.nih.gov/health-information/digestive-diseases/lactose-intolerance/eating-diet-nutrition","2026-10-01",""
"C153","Łosoś wędzony na zimno","1","Zatwierdzona definicja konceptu: Łosoś wędzony na zimno (łosoś, sól, dym wędzarniczy); brak składników mlecznych.","Klasyfikacja wlascicielki katalogu: koncepty laktoza.csv; akceptacja zakresu 2026-10-01","2026-10-01",""
"C154","Łosoś wędzony na gorąco","1","Zatwierdzona definicja konceptu: Łosoś wędzony na gorąco (łosoś, sól, dym wędzarniczy); brak składników mlecznych.","Klasyfikacja wlascicielki katalogu: koncepty laktoza.csv; akceptacja zakresu 2026-10-01","2026-10-01",""
"C155","Dorsz filet","1","Jajko lub surowe mieso/ryba/owoc morza/tluszcz; definicja nie obejmuje marynaty ani dodatkow mlecznych.","PostgreSQL ingredients.name_pl (snapshot 2026-10-01); https://www.niddk.nih.gov/health-information/digestive-diseases/lactose-intolerance/eating-diet-nutrition","2026-10-01",""
"C156","Mintaj filet","1","Jajko lub surowe mieso/ryba/owoc morza/tluszcz; definicja nie obejmuje marynaty ani dodatkow mlecznych.","PostgreSQL ingredients.name_pl (snapshot 2026-10-01); https://www.niddk.nih.gov/health-information/digestive-diseases/lactose-intolerance/eating-diet-nutrition","2026-10-01",""
"C157","Morszczuk filet","1","Jajko lub surowe mieso/ryba/owoc morza/tluszcz; definicja nie obejmuje marynaty ani dodatkow mlecznych.","PostgreSQL ingredients.name_pl (snapshot 2026-10-01); https://www.niddk.nih.gov/health-information/digestive-diseases/lactose-intolerance/eating-diet-nutrition","2026-10-01",""
"C158","Halibut świeży","1","Jajko lub surowe mieso/ryba/owoc morza/tluszcz; definicja nie obejmuje marynaty ani dodatkow mlecznych.","PostgreSQL ingredients.name_pl (snapshot 2026-10-01); https://www.niddk.nih.gov/health-information/digestive-diseases/lactose-intolerance/eating-diet-nutrition","2026-10-01",""
"C159","Pstrąg tęczowy świeży","1","Jajko lub surowe mieso/ryba/owoc morza/tluszcz; definicja nie obejmuje marynaty ani dodatkow mlecznych.","PostgreSQL ingredients.name_pl (snapshot 2026-10-01); https://www.niddk.nih.gov/health-information/digestive-diseases/lactose-intolerance/eating-diet-nutrition","2026-10-01",""
"C160","Dorada świeża","1","Jajko lub surowe mieso/ryba/owoc morza/tluszcz; definicja nie obejmuje marynaty ani dodatkow mlecznych.","PostgreSQL ingredients.name_pl (snapshot 2026-10-01); https://www.niddk.nih.gov/health-information/digestive-diseases/lactose-intolerance/eating-diet-nutrition","2026-10-01",""
"C161","Makrela wędzona","1","Zatwierdzona definicja konceptu: Makrela wędzona (makrela, sól, dym wędzarniczy); brak składników mlecznych.","Klasyfikacja wlascicielki katalogu: koncepty laktoza.csv; akceptacja zakresu 2026-10-01","2026-10-01",""
"C162","Śledź w oleju","1","Zatwierdzona definicja konceptu: Śledź w oleju (płaty śledziowe, olej roślinny, sól); brak składników mlecznych.","Klasyfikacja wlascicielki katalogu: koncepty laktoza.csv; akceptacja zakresu 2026-10-01","2026-10-01",""
"C163","Śledź w occie","1","Zatwierdzona definicja konceptu: Śledź w occie (płaty śledziowe, zalewa octowa, przyprawy); brak składników mlecznych.","Klasyfikacja wlascicielki katalogu: koncepty laktoza.csv; akceptacja zakresu 2026-10-01","2026-10-01",""
"C164","Tuńczyk w sosie własnym","1","Zatwierdzona definicja konceptu: Tuńczyk w sosie własnym (tuńczyk, woda, sól); brak składników mlecznych.","Klasyfikacja wlascicielki katalogu: koncepty laktoza.csv; akceptacja zakresu 2026-10-01","2026-10-01",""
"C165","Tuńczyk w oleju","1","Zatwierdzona definicja konceptu: Tuńczyk w oleju (tuńczyk, olej, sól); brak składników mlecznych.","Klasyfikacja wlascicielki katalogu: koncepty laktoza.csv; akceptacja zakresu 2026-10-01","2026-10-01",""
"C166","Sardynki w oleju","1","Zatwierdzona definicja konceptu: Sardynki w oleju (sardynki, olej, sól); brak składników mlecznych.","Klasyfikacja wlascicielki katalogu: koncepty laktoza.csv; akceptacja zakresu 2026-10-01","2026-10-01",""
"C167","Szprotki w sosie pomidorowym","1","Zatwierdzona definicja konceptu: Szprotki w sosie pomidorowym (szproty, sos pomidorowy, przyprawy); brak składników mlecznych.","Klasyfikacja wlascicielki katalogu: koncepty laktoza.csv; akceptacja zakresu 2026-10-01","2026-10-01",""
"C168","Krewetki tygrysie","1","Jajko lub surowe mieso/ryba/owoc morza/tluszcz; definicja nie obejmuje marynaty ani dodatkow mlecznych.","PostgreSQL ingredients.name_pl (snapshot 2026-10-01); https://www.niddk.nih.gov/health-information/digestive-diseases/lactose-intolerance/eating-diet-nutrition","2026-10-01",""
"C169","Kalmary","1","Jajko lub surowe mieso/ryba/owoc morza/tluszcz; definicja nie obejmuje marynaty ani dodatkow mlecznych.","PostgreSQL ingredients.name_pl (snapshot 2026-10-01); https://www.niddk.nih.gov/health-information/digestive-diseases/lactose-intolerance/eating-diet-nutrition","2026-10-01",""
"C170","Małże","1","Jajko lub surowe mieso/ryba/owoc morza/tluszcz; definicja nie obejmuje marynaty ani dodatkow mlecznych.","PostgreSQL ingredients.name_pl (snapshot 2026-10-01); https://www.niddk.nih.gov/health-information/digestive-diseases/lactose-intolerance/eating-diet-nutrition","2026-10-01",""
"C171","Ośmiornica","1","Jajko lub surowe mieso/ryba/owoc morza/tluszcz; definicja nie obejmuje marynaty ani dodatkow mlecznych.","PostgreSQL ingredients.name_pl (snapshot 2026-10-01); https://www.niddk.nih.gov/health-information/digestive-diseases/lactose-intolerance/eating-diet-nutrition","2026-10-01",""
"C172","Bataty","1","Jednoskladnikowy koncept roslinny/mineralny bez skladnikow mlecznych; bez mieszanek i dodatkow.","PostgreSQL ingredients.name_pl (snapshot 2026-10-01); https://www.niddk.nih.gov/health-information/digestive-diseases/lactose-intolerance/eating-diet-nutrition","2026-10-01",""
"C173","Marchew","1","Jednoskladnikowy koncept roslinny/mineralny bez skladnikow mlecznych; bez mieszanek i dodatkow.","PostgreSQL ingredients.name_pl (snapshot 2026-10-01); https://www.niddk.nih.gov/health-information/digestive-diseases/lactose-intolerance/eating-diet-nutrition","2026-10-01",""
"C174","Pietruszka korzeń","1","Jednoskladnikowy koncept roslinny/mineralny bez skladnikow mlecznych; bez mieszanek i dodatkow.","PostgreSQL ingredients.name_pl (snapshot 2026-10-01); https://www.niddk.nih.gov/health-information/digestive-diseases/lactose-intolerance/eating-diet-nutrition","2026-10-01",""
"C175","Seler korzeń","1","Jednoskladnikowy koncept roslinny/mineralny bez skladnikow mlecznych; bez mieszanek i dodatkow.","PostgreSQL ingredients.name_pl (snapshot 2026-10-01); https://www.niddk.nih.gov/health-information/digestive-diseases/lactose-intolerance/eating-diet-nutrition","2026-10-01",""
"C176","Por","1","Jednoskladnikowy koncept roslinny/mineralny bez skladnikow mlecznych; bez mieszanek i dodatkow.","PostgreSQL ingredients.name_pl (snapshot 2026-10-01); https://www.niddk.nih.gov/health-information/digestive-diseases/lactose-intolerance/eating-diet-nutrition","2026-10-01",""
"C177","Cebula biała","1","Jednoskladnikowy koncept roslinny/mineralny bez skladnikow mlecznych; bez mieszanek i dodatkow.","PostgreSQL ingredients.name_pl (snapshot 2026-10-01); https://www.niddk.nih.gov/health-information/digestive-diseases/lactose-intolerance/eating-diet-nutrition","2026-10-01",""
"C178","Cebula czerwona","1","Jednoskladnikowy koncept roslinny/mineralny bez skladnikow mlecznych; bez mieszanek i dodatkow.","PostgreSQL ingredients.name_pl (snapshot 2026-10-01); https://www.niddk.nih.gov/health-information/digestive-diseases/lactose-intolerance/eating-diet-nutrition","2026-10-01",""
"C179","Cebula szalotka","1","Jednoskladnikowy koncept roslinny/mineralny bez skladnikow mlecznych; bez mieszanek i dodatkow.","PostgreSQL ingredients.name_pl (snapshot 2026-10-01); https://www.niddk.nih.gov/health-information/digestive-diseases/lactose-intolerance/eating-diet-nutrition","2026-10-01",""
"C180","Burak ćwikłowy","1","Jednoskladnikowy koncept roslinny/mineralny bez skladnikow mlecznych; bez mieszanek i dodatkow.","PostgreSQL ingredients.name_pl (snapshot 2026-10-01); https://www.niddk.nih.gov/health-information/digestive-diseases/lactose-intolerance/eating-diet-nutrition","2026-10-01",""
"C181","Kapusta biała","1","Jednoskladnikowy koncept roslinny/mineralny bez skladnikow mlecznych; bez mieszanek i dodatkow.","PostgreSQL ingredients.name_pl (snapshot 2026-10-01); https://www.niddk.nih.gov/health-information/digestive-diseases/lactose-intolerance/eating-diet-nutrition","2026-10-01",""
"C182","Kapusta czerwona","1","Jednoskladnikowy koncept roslinny/mineralny bez skladnikow mlecznych; bez mieszanek i dodatkow.","PostgreSQL ingredients.name_pl (snapshot 2026-10-01); https://www.niddk.nih.gov/health-information/digestive-diseases/lactose-intolerance/eating-diet-nutrition","2026-10-01",""
"C183","Kapusta pekińska","1","Jednoskladnikowy koncept roslinny/mineralny bez skladnikow mlecznych; bez mieszanek i dodatkow.","PostgreSQL ingredients.name_pl (snapshot 2026-10-01); https://www.niddk.nih.gov/health-information/digestive-diseases/lactose-intolerance/eating-diet-nutrition","2026-10-01",""
"C184","Kapusta włoska","1","Jednoskladnikowy koncept roslinny/mineralny bez skladnikow mlecznych; bez mieszanek i dodatkow.","PostgreSQL ingredients.name_pl (snapshot 2026-10-01); https://www.niddk.nih.gov/health-information/digestive-diseases/lactose-intolerance/eating-diet-nutrition","2026-10-01",""
"C185","Kalafior","1","Jednoskladnikowy koncept roslinny/mineralny bez skladnikow mlecznych; bez mieszanek i dodatkow.","PostgreSQL ingredients.name_pl (snapshot 2026-10-01); https://www.niddk.nih.gov/health-information/digestive-diseases/lactose-intolerance/eating-diet-nutrition","2026-10-01",""
"C186","Brukselka","1","Jednoskladnikowy koncept roslinny/mineralny bez skladnikow mlecznych; bez mieszanek i dodatkow.","PostgreSQL ingredients.name_pl (snapshot 2026-10-01); https://www.niddk.nih.gov/health-information/digestive-diseases/lactose-intolerance/eating-diet-nutrition","2026-10-01",""
"C187","Kalarepa","1","Jednoskladnikowy koncept roslinny/mineralny bez skladnikow mlecznych; bez mieszanek i dodatkow.","PostgreSQL ingredients.name_pl (snapshot 2026-10-01); https://www.niddk.nih.gov/health-information/digestive-diseases/lactose-intolerance/eating-diet-nutrition","2026-10-01",""
"C188","Szparagi zielone","1","Jednoskladnikowy koncept roslinny/mineralny bez skladnikow mlecznych; bez mieszanek i dodatkow.","PostgreSQL ingredients.name_pl (snapshot 2026-10-01); https://www.niddk.nih.gov/health-information/digestive-diseases/lactose-intolerance/eating-diet-nutrition","2026-10-01",""
"C189","Szparagi białe","1","Jednoskladnikowy koncept roslinny/mineralny bez skladnikow mlecznych; bez mieszanek i dodatkow.","PostgreSQL ingredients.name_pl (snapshot 2026-10-01); https://www.niddk.nih.gov/health-information/digestive-diseases/lactose-intolerance/eating-diet-nutrition","2026-10-01",""
"C190","Bakłażan","1","Jednoskladnikowy koncept roslinny/mineralny bez skladnikow mlecznych; bez mieszanek i dodatkow.","PostgreSQL ingredients.name_pl (snapshot 2026-10-01); https://www.niddk.nih.gov/health-information/digestive-diseases/lactose-intolerance/eating-diet-nutrition","2026-10-01",""
"C191","Dynia hokkaido","1","Jednoskladnikowy koncept roslinny/mineralny bez skladnikow mlecznych; bez mieszanek i dodatkow.","PostgreSQL ingredients.name_pl (snapshot 2026-10-01); https://www.niddk.nih.gov/health-information/digestive-diseases/lactose-intolerance/eating-diet-nutrition","2026-10-01",""
"C192","Dynia piżmowa","1","Jednoskladnikowy koncept roslinny/mineralny bez skladnikow mlecznych; bez mieszanek i dodatkow.","PostgreSQL ingredients.name_pl (snapshot 2026-10-01); https://www.niddk.nih.gov/health-information/digestive-diseases/lactose-intolerance/eating-diet-nutrition","2026-10-01",""
"C193","Papryka czerwona","1","Jednoskladnikowy koncept roslinny/mineralny bez skladnikow mlecznych; bez mieszanek i dodatkow.","PostgreSQL ingredients.name_pl (snapshot 2026-10-01); https://www.niddk.nih.gov/health-information/digestive-diseases/lactose-intolerance/eating-diet-nutrition","2026-10-01",""
"C194","Papryka żółta","1","Jednoskladnikowy koncept roslinny/mineralny bez skladnikow mlecznych; bez mieszanek i dodatkow.","PostgreSQL ingredients.name_pl (snapshot 2026-10-01); https://www.niddk.nih.gov/health-information/digestive-diseases/lactose-intolerance/eating-diet-nutrition","2026-10-01",""
"C195","Papryka zielona","1","Jednoskladnikowy koncept roslinny/mineralny bez skladnikow mlecznych; bez mieszanek i dodatkow.","PostgreSQL ingredients.name_pl (snapshot 2026-10-01); https://www.niddk.nih.gov/health-information/digestive-diseases/lactose-intolerance/eating-diet-nutrition","2026-10-01",""
"C196","Ogórek szklarniowy","1","Jednoskladnikowy koncept roslinny/mineralny bez skladnikow mlecznych; bez mieszanek i dodatkow.","PostgreSQL ingredients.name_pl (snapshot 2026-10-01); https://www.niddk.nih.gov/health-information/digestive-diseases/lactose-intolerance/eating-diet-nutrition","2026-10-01",""
"C197","Ogórek gruntowy","1","Jednoskladnikowy koncept roslinny/mineralny bez skladnikow mlecznych; bez mieszanek i dodatkow.","PostgreSQL ingredients.name_pl (snapshot 2026-10-01); https://www.niddk.nih.gov/health-information/digestive-diseases/lactose-intolerance/eating-diet-nutrition","2026-10-01",""
"C198","Pomidor malinowy","1","Jednoskladnikowy koncept roslinny/mineralny bez skladnikow mlecznych; bez mieszanek i dodatkow.","PostgreSQL ingredients.name_pl (snapshot 2026-10-01); https://www.niddk.nih.gov/health-information/digestive-diseases/lactose-intolerance/eating-diet-nutrition","2026-10-01",""
"C199","Pomidorki koktajlowe","1","Jednoskladnikowy koncept roslinny/mineralny bez skladnikow mlecznych; bez mieszanek i dodatkow.","PostgreSQL ingredients.name_pl (snapshot 2026-10-01); https://www.niddk.nih.gov/health-information/digestive-diseases/lactose-intolerance/eating-diet-nutrition","2026-10-01",""
"C200","Rzodkiewka","1","Jednoskladnikowy koncept roslinny/mineralny bez skladnikow mlecznych; bez mieszanek i dodatkow.","PostgreSQL ingredients.name_pl (snapshot 2026-10-01); https://www.niddk.nih.gov/health-information/digestive-diseases/lactose-intolerance/eating-diet-nutrition","2026-10-01",""
"C201","Sałata masłowa","1","Jednoskladnikowy koncept roslinny/mineralny bez skladnikow mlecznych; bez mieszanek i dodatkow.","PostgreSQL ingredients.name_pl (snapshot 2026-10-01); https://www.niddk.nih.gov/health-information/digestive-diseases/lactose-intolerance/eating-diet-nutrition","2026-10-01",""
"C202","Sałata lodowa","1","Jednoskladnikowy koncept roslinny/mineralny bez skladnikow mlecznych; bez mieszanek i dodatkow.","PostgreSQL ingredients.name_pl (snapshot 2026-10-01); https://www.niddk.nih.gov/health-information/digestive-diseases/lactose-intolerance/eating-diet-nutrition","2026-10-01",""
"C203","Roszponka","1","Jednoskladnikowy koncept roslinny/mineralny bez skladnikow mlecznych; bez mieszanek i dodatkow.","PostgreSQL ingredients.name_pl (snapshot 2026-10-01); https://www.niddk.nih.gov/health-information/digestive-diseases/lactose-intolerance/eating-diet-nutrition","2026-10-01",""
"C204","Rukola","1","Jednoskladnikowy koncept roslinny/mineralny bez skladnikow mlecznych; bez mieszanek i dodatkow.","PostgreSQL ingredients.name_pl (snapshot 2026-10-01); https://www.niddk.nih.gov/health-information/digestive-diseases/lactose-intolerance/eating-diet-nutrition","2026-10-01",""
"C205","Szpinak świeży","1","Jednoskladnikowy koncept roslinny/mineralny bez skladnikow mlecznych; bez mieszanek i dodatkow.","PostgreSQL ingredients.name_pl (snapshot 2026-10-01); https://www.niddk.nih.gov/health-information/digestive-diseases/lactose-intolerance/eating-diet-nutrition","2026-10-01",""
"C206","Jarmuż","1","Jednoskladnikowy koncept roslinny/mineralny bez skladnikow mlecznych; bez mieszanek i dodatkow.","PostgreSQL ingredients.name_pl (snapshot 2026-10-01); https://www.niddk.nih.gov/health-information/digestive-diseases/lactose-intolerance/eating-diet-nutrition","2026-10-01",""
"C207","Koper świeży","1","Jednoskladnikowy koncept roslinny/mineralny bez skladnikow mlecznych; bez mieszanek i dodatkow.","PostgreSQL ingredients.name_pl (snapshot 2026-10-01); https://www.niddk.nih.gov/health-information/digestive-diseases/lactose-intolerance/eating-diet-nutrition","2026-10-01",""
"C208","Natka pietruszki","1","Jednoskladnikowy koncept roslinny/mineralny bez skladnikow mlecznych; bez mieszanek i dodatkow.","PostgreSQL ingredients.name_pl (snapshot 2026-10-01); https://www.niddk.nih.gov/health-information/digestive-diseases/lactose-intolerance/eating-diet-nutrition","2026-10-01",""
"C209","Szczypiorek","1","Jednoskladnikowy koncept roslinny/mineralny bez skladnikow mlecznych; bez mieszanek i dodatkow.","PostgreSQL ingredients.name_pl (snapshot 2026-10-01); https://www.niddk.nih.gov/health-information/digestive-diseases/lactose-intolerance/eating-diet-nutrition","2026-10-01",""
"C210","Bazylia świeża","1","Jednoskladnikowy koncept roslinny/mineralny bez skladnikow mlecznych; bez mieszanek i dodatkow.","PostgreSQL ingredients.name_pl (snapshot 2026-10-01); https://www.niddk.nih.gov/health-information/digestive-diseases/lactose-intolerance/eating-diet-nutrition","2026-10-01",""
"C211","Ogórki kiszone","1","Zatwierdzona definicja konceptu: Ogórki kiszone (ogórki, woda, sól, przyprawy); fermentacja mlekowa roślinna, brak laktozy.","Klasyfikacja wlascicielki katalogu: koncepty laktoza.csv; akceptacja zakresu 2026-10-01","2026-10-01",""
"C212","Ogórki konserwowe","1","Zatwierdzona definicja konceptu: Ogórki konserwowe (ogórki, ocet, woda, cukier, sól); bez składników mlecznych.","Klasyfikacja wlascicielki katalogu: koncepty laktoza.csv; akceptacja zakresu 2026-10-01","2026-10-01",""
"C213","Kapusta kiszona","1","Zatwierdzona definicja konceptu: Kapusta kiszona (kapusta, sól); fermentacja mlekowa roślinna, bez laktozy.","Klasyfikacja wlascicielki katalogu: koncepty laktoza.csv; akceptacja zakresu 2026-10-01","2026-10-01",""
"C214","Pomidory w puszce pelati","1","Zatwierdzona definicja konceptu: Pomidory w puszce pelati (pomidory, sok pomidorowy); produkt 100% roślinny.","Klasyfikacja wlascicielki katalogu: koncepty laktoza.csv; akceptacja zakresu 2026-10-01","2026-10-01",""
"C215","Przecier pomidorowy passata","1","Zatwierdzona definicja konceptu: Przecier pomidorowy passata (przetarte pomidory); produkt 100% roślinny.","Klasyfikacja wlascicielki katalogu: koncepty laktoza.csv; akceptacja zakresu 2026-10-01","2026-10-01",""
"C216","Koncentrat pomidorowy","1","Zatwierdzona definicja konceptu: Koncentrat pomidorowy (zagęszczony przecier pomidorowy); produkt 100% roślinny.","Klasyfikacja wlascicielki katalogu: koncepty laktoza.csv; akceptacja zakresu 2026-10-01","2026-10-01",""
"C217","Suszone pomidory w oleju","1","Zatwierdzona definicja konceptu: Suszone pomidory w oleju (pomidory, olej roślinny, zioła); produkt roślinny.","Klasyfikacja wlascicielki katalogu: koncepty laktoza.csv; akceptacja zakresu 2026-10-01","2026-10-01",""
"C218","Kukurydza konserwowa","1","Zatwierdzona definicja konceptu: Kukurydza konserwowa (ziarna kukurydzy, woda, sól); produkt roślinny.","Klasyfikacja wlascicielki katalogu: koncepty laktoza.csv; akceptacja zakresu 2026-10-01","2026-10-01",""
"C219","Groszek konserwowy","1","Zatwierdzona definicja konceptu: Groszek konserwowy (groszek zielony, woda, sól); produkt roślinny.","Klasyfikacja wlascicielki katalogu: koncepty laktoza.csv; akceptacja zakresu 2026-10-01","2026-10-01",""
"C220","Fasola czerwona w puszce","1","Zatwierdzona definicja konceptu: Fasola czerwona w puszce (ziarna fasoli, woda, sól); produkt roślinny.","Klasyfikacja wlascicielki katalogu: koncepty laktoza.csv; akceptacja zakresu 2026-10-01","2026-10-01",""
"C221","Fasola biała w puszce","1","Zatwierdzona definicja konceptu: Fasola biała w puszce (ziarna fasoli, woda, sól); produkt roślinny.","Klasyfikacja wlascicielki katalogu: koncepty laktoza.csv; akceptacja zakresu 2026-10-01","2026-10-01",""
"C222","Ciecierzyca w puszce","1","Zatwierdzona definicja konceptu: Ciecierzyca w puszce (ziarna ciecierzycy, woda, sól); produkt roślinny.","Klasyfikacja wlascicielki katalogu: koncepty laktoza.csv; akceptacja zakresu 2026-10-01","2026-10-01",""
"C223","Soczewica w puszce","1","Zatwierdzona definicja konceptu: Soczewica w puszce (ziarna soczewicy, woda, sól); produkt roślinny.","Klasyfikacja wlascicielki katalogu: koncepty laktoza.csv; akceptacja zakresu 2026-10-01","2026-10-01",""
"C224","Oliwki czarne","1","Zatwierdzona definicja konceptu: Oliwki czarne (oliwki, solanka); produkt roślinny.","Klasyfikacja wlascicielki katalogu: koncepty laktoza.csv; akceptacja zakresu 2026-10-01","2026-10-01",""
"C225","Oliwki zielone","1","Zatwierdzona definicja konceptu: Oliwki zielone (oliwki, solanka); produkt roślinny.","Klasyfikacja wlascicielki katalogu: koncepty laktoza.csv; akceptacja zakresu 2026-10-01","2026-10-01",""
"C226","Kapary","1","Zatwierdzona definicja konceptu: Kapary (kapary, zalewa octowa/solankowa); produkt roślinny.","Klasyfikacja wlascicielki katalogu: koncepty laktoza.csv; akceptacja zakresu 2026-10-01","2026-10-01",""
"C227","Papryka konserwowa","1","Zatwierdzona definicja konceptu: Papryka konserwowa (papryka, woda, ocet, sól, cukier); produkt roślinny.","Klasyfikacja wlascicielki katalogu: koncepty laktoza.csv; akceptacja zakresu 2026-10-01","2026-10-01",""
"C228","Jalapeno marynowane","1","Zatwierdzona definicja konceptu: Jalapeno marynowane (papryka jalapeno, woda, ocet, sól); produkt roślinny.","Klasyfikacja wlascicielki katalogu: koncepty laktoza.csv; akceptacja zakresu 2026-10-01","2026-10-01",""
"C229","Jabłko","1","Jednoskladnikowy koncept roslinny/mineralny bez skladnikow mlecznych; bez mieszanek i dodatkow.","PostgreSQL ingredients.name_pl (snapshot 2026-10-01); https://www.niddk.nih.gov/health-information/digestive-diseases/lactose-intolerance/eating-diet-nutrition","2026-10-01",""
"C230","Gruszka","1","Jednoskladnikowy koncept roslinny/mineralny bez skladnikow mlecznych; bez mieszanek i dodatkow.","PostgreSQL ingredients.name_pl (snapshot 2026-10-01); https://www.niddk.nih.gov/health-information/digestive-diseases/lactose-intolerance/eating-diet-nutrition","2026-10-01",""
"C231","Banan","1","Jednoskladnikowy koncept roslinny/mineralny bez skladnikow mlecznych; bez mieszanek i dodatkow.","PostgreSQL ingredients.name_pl (snapshot 2026-10-01); https://www.niddk.nih.gov/health-information/digestive-diseases/lactose-intolerance/eating-diet-nutrition","2026-10-01",""
"C232","Pomarańcza","1","Jednoskladnikowy koncept roslinny/mineralny bez skladnikow mlecznych; bez mieszanek i dodatkow.","PostgreSQL ingredients.name_pl (snapshot 2026-10-01); https://www.niddk.nih.gov/health-information/digestive-diseases/lactose-intolerance/eating-diet-nutrition","2026-10-01",""
"C233","Mandarynka","1","Jednoskladnikowy koncept roslinny/mineralny bez skladnikow mlecznych; bez mieszanek i dodatkow.","PostgreSQL ingredients.name_pl (snapshot 2026-10-01); https://www.niddk.nih.gov/health-information/digestive-diseases/lactose-intolerance/eating-diet-nutrition","2026-10-01",""
"C234","Grejpfrut","1","Jednoskladnikowy koncept roslinny/mineralny bez skladnikow mlecznych; bez mieszanek i dodatkow.","PostgreSQL ingredients.name_pl (snapshot 2026-10-01); https://www.niddk.nih.gov/health-information/digestive-diseases/lactose-intolerance/eating-diet-nutrition","2026-10-01",""
"C235","Cytryna","1","Jednoskladnikowy koncept roslinny/mineralny bez skladnikow mlecznych; bez mieszanek i dodatkow.","PostgreSQL ingredients.name_pl (snapshot 2026-10-01); https://www.niddk.nih.gov/health-information/digestive-diseases/lactose-intolerance/eating-diet-nutrition","2026-10-01",""
"C236","Limonka","1","Jednoskladnikowy koncept roslinny/mineralny bez skladnikow mlecznych; bez mieszanek i dodatkow.","PostgreSQL ingredients.name_pl (snapshot 2026-10-01); https://www.niddk.nih.gov/health-information/digestive-diseases/lactose-intolerance/eating-diet-nutrition","2026-10-01",""
"C237","Truskawki","1","Jednoskladnikowy koncept roslinny/mineralny bez skladnikow mlecznych; bez mieszanek i dodatkow.","PostgreSQL ingredients.name_pl (snapshot 2026-10-01); https://www.niddk.nih.gov/health-information/digestive-diseases/lactose-intolerance/eating-diet-nutrition","2026-10-01",""
"C238","Maliny","1","Jednoskladnikowy koncept roslinny/mineralny bez skladnikow mlecznych; bez mieszanek i dodatkow.","PostgreSQL ingredients.name_pl (snapshot 2026-10-01); https://www.niddk.nih.gov/health-information/digestive-diseases/lactose-intolerance/eating-diet-nutrition","2026-10-01",""
"C239","Borówka amerykańska","1","Jednoskladnikowy koncept roslinny/mineralny bez skladnikow mlecznych; bez mieszanek i dodatkow.","PostgreSQL ingredients.name_pl (snapshot 2026-10-01); https://www.niddk.nih.gov/health-information/digestive-diseases/lactose-intolerance/eating-diet-nutrition","2026-10-01",""
"C240","Jagody","1","Jednoskladnikowy koncept roslinny/mineralny bez skladnikow mlecznych; bez mieszanek i dodatkow.","PostgreSQL ingredients.name_pl (snapshot 2026-10-01); https://www.niddk.nih.gov/health-information/digestive-diseases/lactose-intolerance/eating-diet-nutrition","2026-10-01",""
"C241","Jeżyny","1","Jednoskladnikowy koncept roslinny/mineralny bez skladnikow mlecznych; bez mieszanek i dodatkow.","PostgreSQL ingredients.name_pl (snapshot 2026-10-01); https://www.niddk.nih.gov/health-information/digestive-diseases/lactose-intolerance/eating-diet-nutrition","2026-10-01",""
"C242","Wiśnie","1","Jednoskladnikowy koncept roslinny/mineralny bez skladnikow mlecznych; bez mieszanek i dodatkow.","PostgreSQL ingredients.name_pl (snapshot 2026-10-01); https://www.niddk.nih.gov/health-information/digestive-diseases/lactose-intolerance/eating-diet-nutrition","2026-10-01",""
"C243","Czereśnie","1","Jednoskladnikowy koncept roslinny/mineralny bez skladnikow mlecznych; bez mieszanek i dodatkow.","PostgreSQL ingredients.name_pl (snapshot 2026-10-01); https://www.niddk.nih.gov/health-information/digestive-diseases/lactose-intolerance/eating-diet-nutrition","2026-10-01",""
"C244","Śliwki","1","Jednoskladnikowy koncept roslinny/mineralny bez skladnikow mlecznych; bez mieszanek i dodatkow.","PostgreSQL ingredients.name_pl (snapshot 2026-10-01); https://www.niddk.nih.gov/health-information/digestive-diseases/lactose-intolerance/eating-diet-nutrition","2026-10-01",""
"C245","Brzoskwinia","1","Jednoskladnikowy koncept roslinny/mineralny bez skladnikow mlecznych; bez mieszanek i dodatkow.","PostgreSQL ingredients.name_pl (snapshot 2026-10-01); https://www.niddk.nih.gov/health-information/digestive-diseases/lactose-intolerance/eating-diet-nutrition","2026-10-01",""
"C246","Nektarynka","1","Jednoskladnikowy koncept roslinny/mineralny bez skladnikow mlecznych; bez mieszanek i dodatkow.","PostgreSQL ingredients.name_pl (snapshot 2026-10-01); https://www.niddk.nih.gov/health-information/digestive-diseases/lactose-intolerance/eating-diet-nutrition","2026-10-01",""
"C247","Morela","1","Jednoskladnikowy koncept roslinny/mineralny bez skladnikow mlecznych; bez mieszanek i dodatkow.","PostgreSQL ingredients.name_pl (snapshot 2026-10-01); https://www.niddk.nih.gov/health-information/digestive-diseases/lactose-intolerance/eating-diet-nutrition","2026-10-01",""
"C248","Winogrona jasne","1","Jednoskladnikowy koncept roslinny/mineralny bez skladnikow mlecznych; bez mieszanek i dodatkow.","PostgreSQL ingredients.name_pl (snapshot 2026-10-01); https://www.niddk.nih.gov/health-information/digestive-diseases/lactose-intolerance/eating-diet-nutrition","2026-10-01",""
"C249","Winogrona ciemne","1","Jednoskladnikowy koncept roslinny/mineralny bez skladnikow mlecznych; bez mieszanek i dodatkow.","PostgreSQL ingredients.name_pl (snapshot 2026-10-01); https://www.niddk.nih.gov/health-information/digestive-diseases/lactose-intolerance/eating-diet-nutrition","2026-10-01",""
"C250","Arbuz","1","Jednoskladnikowy koncept roslinny/mineralny bez skladnikow mlecznych; bez mieszanek i dodatkow.","PostgreSQL ingredients.name_pl (snapshot 2026-10-01); https://www.niddk.nih.gov/health-information/digestive-diseases/lactose-intolerance/eating-diet-nutrition","2026-10-01",""
"C251","Melon","1","Jednoskladnikowy koncept roslinny/mineralny bez skladnikow mlecznych; bez mieszanek i dodatkow.","PostgreSQL ingredients.name_pl (snapshot 2026-10-01); https://www.niddk.nih.gov/health-information/digestive-diseases/lactose-intolerance/eating-diet-nutrition","2026-10-01",""
"C252","Kiwi","1","Jednoskladnikowy koncept roslinny/mineralny bez skladnikow mlecznych; bez mieszanek i dodatkow.","PostgreSQL ingredients.name_pl (snapshot 2026-10-01); https://www.niddk.nih.gov/health-information/digestive-diseases/lactose-intolerance/eating-diet-nutrition","2026-10-01",""
"C253","Mango","1","Jednoskladnikowy koncept roslinny/mineralny bez skladnikow mlecznych; bez mieszanek i dodatkow.","PostgreSQL ingredients.name_pl (snapshot 2026-10-01); https://www.niddk.nih.gov/health-information/digestive-diseases/lactose-intolerance/eating-diet-nutrition","2026-10-01",""
"C254","Papaja","1","Jednoskladnikowy koncept roslinny/mineralny bez skladnikow mlecznych; bez mieszanek i dodatkow.","PostgreSQL ingredients.name_pl (snapshot 2026-10-01); https://www.niddk.nih.gov/health-information/digestive-diseases/lactose-intolerance/eating-diet-nutrition","2026-10-01",""
"C255","Ananas świeży","1","Jednoskladnikowy koncept roslinny/mineralny bez skladnikow mlecznych; bez mieszanek i dodatkow.","PostgreSQL ingredients.name_pl (snapshot 2026-10-01); https://www.niddk.nih.gov/health-information/digestive-diseases/lactose-intolerance/eating-diet-nutrition","2026-10-01",""
"C256","Granat","1","Jednoskladnikowy koncept roslinny/mineralny bez skladnikow mlecznych; bez mieszanek i dodatkow.","PostgreSQL ingredients.name_pl (snapshot 2026-10-01); https://www.niddk.nih.gov/health-information/digestive-diseases/lactose-intolerance/eating-diet-nutrition","2026-10-01",""
"C257","Figi świeże","1","Jednoskladnikowy koncept roslinny/mineralny bez skladnikow mlecznych; bez mieszanek i dodatkow.","PostgreSQL ingredients.name_pl (snapshot 2026-10-01); https://www.niddk.nih.gov/health-information/digestive-diseases/lactose-intolerance/eating-diet-nutrition","2026-10-01",""
"C258","Rodzynki","1","Zatwierdzona definicja konceptu: Rodzynki (suszone winogrona); produkt 100% roślinny.","Klasyfikacja wlascicielki katalogu: koncepty laktoza.csv; akceptacja zakresu 2026-10-01","2026-10-01",""
"C259","Żurawina suszona","1","Zatwierdzona definicja konceptu: Żurawina suszona (żurawina, cukier, olej); produkt roślinny.","Klasyfikacja wlascicielki katalogu: koncepty laktoza.csv; akceptacja zakresu 2026-10-01","2026-10-01",""
"C260","Morele suszone","1","Zatwierdzona definicja konceptu: Morele suszone (suszone owoce moreli); produkt 100% roślinny.","Klasyfikacja wlascicielki katalogu: koncepty laktoza.csv; akceptacja zakresu 2026-10-01","2026-10-01",""
"C261","Śliwki suszone","1","Zatwierdzona definicja konceptu: Śliwki suszone (suszone owoce śliwek); produkt 100% roślinny.","Klasyfikacja wlascicielki katalogu: koncepty laktoza.csv; akceptacja zakresu 2026-10-01","2026-10-01",""
"C262","Figi suszone","1","Zatwierdzona definicja konceptu: Figi suszone (suszone owoce figi); produkt 100% roślinny.","Klasyfikacja wlascicielki katalogu: koncepty laktoza.csv; akceptacja zakresu 2026-10-01","2026-10-01",""
"C263","Daktyle suszone","1","Zatwierdzona definicja konceptu: Daktyle suszone (suszone owoce daktylowca); produkt 100% roślinny.","Klasyfikacja wlascicielki katalogu: koncepty laktoza.csv; akceptacja zakresu 2026-10-01","2026-10-01",""
"C264","Brzoskwinie w syropie","1","Zatwierdzona definicja konceptu: Brzoskwinie w syropie (brzoskwinie, woda, cukier); produkt roślinny.","Klasyfikacja wlascicielki katalogu: koncepty laktoza.csv; akceptacja zakresu 2026-10-01","2026-10-01",""
"C265","Ananas w syropie","1","Zatwierdzona definicja konceptu: Ananas w syropie (ananas, woda, cukier); produkt roślinny.","Klasyfikacja wlascicielki katalogu: koncepty laktoza.csv; akceptacja zakresu 2026-10-01","2026-10-01",""
"C266","Orzechy włoskie","1","Jednoskladnikowy koncept roslinny/mineralny bez skladnikow mlecznych; bez mieszanek i dodatkow.","PostgreSQL ingredients.name_pl (snapshot 2026-10-01); https://www.niddk.nih.gov/health-information/digestive-diseases/lactose-intolerance/eating-diet-nutrition","2026-10-01",""
"C267","Orzechy laskowe","1","Jednoskladnikowy koncept roslinny/mineralny bez skladnikow mlecznych; bez mieszanek i dodatkow.","PostgreSQL ingredients.name_pl (snapshot 2026-10-01); https://www.niddk.nih.gov/health-information/digestive-diseases/lactose-intolerance/eating-diet-nutrition","2026-10-01",""
"C268","Orzechy nerkowca","1","Jednoskladnikowy koncept roslinny/mineralny bez skladnikow mlecznych; bez mieszanek i dodatkow.","PostgreSQL ingredients.name_pl (snapshot 2026-10-01); https://www.niddk.nih.gov/health-information/digestive-diseases/lactose-intolerance/eating-diet-nutrition","2026-10-01",""
"C269","Orzechy ziemne","1","Jednoskladnikowy koncept roslinny/mineralny bez skladnikow mlecznych; bez mieszanek i dodatkow.","PostgreSQL ingredients.name_pl (snapshot 2026-10-01); https://www.niddk.nih.gov/health-information/digestive-diseases/lactose-intolerance/eating-diet-nutrition","2026-10-01",""
"C270","Orzechy makadamia","1","Jednoskladnikowy koncept roslinny/mineralny bez skladnikow mlecznych; bez mieszanek i dodatkow.","PostgreSQL ingredients.name_pl (snapshot 2026-10-01); https://www.niddk.nih.gov/health-information/digestive-diseases/lactose-intolerance/eating-diet-nutrition","2026-10-01",""
"C271","Orzechy brazylijskie","1","Jednoskladnikowy koncept roslinny/mineralny bez skladnikow mlecznych; bez mieszanek i dodatkow.","PostgreSQL ingredients.name_pl (snapshot 2026-10-01); https://www.niddk.nih.gov/health-information/digestive-diseases/lactose-intolerance/eating-diet-nutrition","2026-10-01",""
"C272","Orzechy pekan","1","Jednoskladnikowy koncept roslinny/mineralny bez skladnikow mlecznych; bez mieszanek i dodatkow.","PostgreSQL ingredients.name_pl (snapshot 2026-10-01); https://www.niddk.nih.gov/health-information/digestive-diseases/lactose-intolerance/eating-diet-nutrition","2026-10-01",""
"C273","Migdały","1","Jednoskladnikowy koncept roslinny/mineralny bez skladnikow mlecznych; bez mieszanek i dodatkow.","PostgreSQL ingredients.name_pl (snapshot 2026-10-01); https://www.niddk.nih.gov/health-information/digestive-diseases/lactose-intolerance/eating-diet-nutrition","2026-10-01",""
"C274","Płatki migdałowe","1","Jednoskladnikowy koncept roslinny/mineralny bez skladnikow mlecznych; bez mieszanek i dodatkow.","PostgreSQL ingredients.name_pl (snapshot 2026-10-01); https://www.niddk.nih.gov/health-information/digestive-diseases/lactose-intolerance/eating-diet-nutrition","2026-10-01",""
"C275","Pistacje","1","Jednoskladnikowy koncept roslinny/mineralny bez skladnikow mlecznych; bez mieszanek i dodatkow.","PostgreSQL ingredients.name_pl (snapshot 2026-10-01); https://www.niddk.nih.gov/health-information/digestive-diseases/lactose-intolerance/eating-diet-nutrition","2026-10-01",""
"C276","Pestki dyni","1","Jednoskladnikowy koncept roslinny/mineralny bez skladnikow mlecznych; bez mieszanek i dodatkow.","PostgreSQL ingredients.name_pl (snapshot 2026-10-01); https://www.niddk.nih.gov/health-information/digestive-diseases/lactose-intolerance/eating-diet-nutrition","2026-10-01",""
"C277","Ziarna słonecznika","1","Jednoskladnikowy koncept roslinny/mineralny bez skladnikow mlecznych; bez mieszanek i dodatkow.","PostgreSQL ingredients.name_pl (snapshot 2026-10-01); https://www.niddk.nih.gov/health-information/digestive-diseases/lactose-intolerance/eating-diet-nutrition","2026-10-01",""
"C278","Nasiona chia","1","Jednoskladnikowy koncept roslinny/mineralny bez skladnikow mlecznych; bez mieszanek i dodatkow.","PostgreSQL ingredients.name_pl (snapshot 2026-10-01); https://www.niddk.nih.gov/health-information/digestive-diseases/lactose-intolerance/eating-diet-nutrition","2026-10-01",""
"C279","Siemię lniane","1","Jednoskladnikowy koncept roslinny/mineralny bez skladnikow mlecznych; bez mieszanek i dodatkow.","PostgreSQL ingredients.name_pl (snapshot 2026-10-01); https://www.niddk.nih.gov/health-information/digestive-diseases/lactose-intolerance/eating-diet-nutrition","2026-10-01",""
"C280","Sezam jasny","1","Jednoskladnikowy koncept roslinny/mineralny bez skladnikow mlecznych; bez mieszanek i dodatkow.","PostgreSQL ingredients.name_pl (snapshot 2026-10-01); https://www.niddk.nih.gov/health-information/digestive-diseases/lactose-intolerance/eating-diet-nutrition","2026-10-01",""
"C281","Sezam czarny","1","Jednoskladnikowy koncept roslinny/mineralny bez skladnikow mlecznych; bez mieszanek i dodatkow.","PostgreSQL ingredients.name_pl (snapshot 2026-10-01); https://www.niddk.nih.gov/health-information/digestive-diseases/lactose-intolerance/eating-diet-nutrition","2026-10-01",""
"C282","Mak","1","Jednoskladnikowy koncept roslinny/mineralny bez skladnikow mlecznych; bez mieszanek i dodatkow.","PostgreSQL ingredients.name_pl (snapshot 2026-10-01); https://www.niddk.nih.gov/health-information/digestive-diseases/lactose-intolerance/eating-diet-nutrition","2026-10-01",""
"C283","Wiórki kokosowe","1","Jednoskladnikowy koncept roslinny/mineralny bez skladnikow mlecznych; bez mieszanek i dodatkow.","PostgreSQL ingredients.name_pl (snapshot 2026-10-01); https://www.niddk.nih.gov/health-information/digestive-diseases/lactose-intolerance/eating-diet-nutrition","2026-10-01",""
"C284","Oliwa z oliwek extra virgin","1","Jednoskladnikowy koncept roslinny/mineralny bez skladnikow mlecznych; bez mieszanek i dodatkow.","PostgreSQL ingredients.name_pl (snapshot 2026-10-01); https://www.niddk.nih.gov/health-information/digestive-diseases/lactose-intolerance/eating-diet-nutrition","2026-10-01",""
"C285","Olej rzepakowy","1","Jednoskladnikowy koncept roslinny/mineralny bez skladnikow mlecznych; bez mieszanek i dodatkow.","PostgreSQL ingredients.name_pl (snapshot 2026-10-01); https://www.niddk.nih.gov/health-information/digestive-diseases/lactose-intolerance/eating-diet-nutrition","2026-10-01",""
"C286","Olej słonecznikowy","1","Jednoskladnikowy koncept roslinny/mineralny bez skladnikow mlecznych; bez mieszanek i dodatkow.","PostgreSQL ingredients.name_pl (snapshot 2026-10-01); https://www.niddk.nih.gov/health-information/digestive-diseases/lactose-intolerance/eating-diet-nutrition","2026-10-01",""
"C287","Olej kokosowy","1","Jednoskladnikowy koncept roslinny/mineralny bez skladnikow mlecznych; bez mieszanek i dodatkow.","PostgreSQL ingredients.name_pl (snapshot 2026-10-01); https://www.niddk.nih.gov/health-information/digestive-diseases/lactose-intolerance/eating-diet-nutrition","2026-10-01",""
"C288","Olej lniany","1","Jednoskladnikowy koncept roslinny/mineralny bez skladnikow mlecznych; bez mieszanek i dodatkow.","PostgreSQL ingredients.name_pl (snapshot 2026-10-01); https://www.niddk.nih.gov/health-information/digestive-diseases/lactose-intolerance/eating-diet-nutrition","2026-10-01",""
"C289","Olej sezamowy","1","Jednoskladnikowy koncept roslinny/mineralny bez skladnikow mlecznych; bez mieszanek i dodatkow.","PostgreSQL ingredients.name_pl (snapshot 2026-10-01); https://www.niddk.nih.gov/health-information/digestive-diseases/lactose-intolerance/eating-diet-nutrition","2026-10-01",""
"C290","Olej z awokado","1","Jednoskladnikowy koncept roslinny/mineralny bez skladnikow mlecznych; bez mieszanek i dodatkow.","PostgreSQL ingredients.name_pl (snapshot 2026-10-01); https://www.niddk.nih.gov/health-information/digestive-diseases/lactose-intolerance/eating-diet-nutrition","2026-10-01",""
"C291","Smalec wieprzowy","1","Jajko lub surowe mieso/ryba/owoc morza/tluszcz; definicja nie obejmuje marynaty ani dodatkow mlecznych.","PostgreSQL ingredients.name_pl (snapshot 2026-10-01); https://www.niddk.nih.gov/health-information/digestive-diseases/lactose-intolerance/eating-diet-nutrition","2026-10-01",""
"C292","Margaryna","0","Zatwierdzona definicja konceptu: Margaryna; generyczne margaryny rynkowe bardzo często zawierają dodatek serwatki, maślanki lub mleka ukwaszonego.","Klasyfikacja wlascicielki katalogu: koncepty laktoza.csv; akceptacja zakresu 2026-10-01","2026-10-01",""
"C293","Soczewica czerwona sucha","1","Jednoskladnikowy koncept roslinny/mineralny bez skladnikow mlecznych; bez mieszanek i dodatkow.","PostgreSQL ingredients.name_pl (snapshot 2026-10-01); https://www.niddk.nih.gov/health-information/digestive-diseases/lactose-intolerance/eating-diet-nutrition","2026-10-01",""
"C294","Soczewica zielona sucha","1","Jednoskladnikowy koncept roslinny/mineralny bez skladnikow mlecznych; bez mieszanek i dodatkow.","PostgreSQL ingredients.name_pl (snapshot 2026-10-01); https://www.niddk.nih.gov/health-information/digestive-diseases/lactose-intolerance/eating-diet-nutrition","2026-10-01",""
"C295","Ciecierzyca sucha","1","Jednoskladnikowy koncept roslinny/mineralny bez skladnikow mlecznych; bez mieszanek i dodatkow.","PostgreSQL ingredients.name_pl (snapshot 2026-10-01); https://www.niddk.nih.gov/health-information/digestive-diseases/lactose-intolerance/eating-diet-nutrition","2026-10-01",""
"C296","Fasola piękny jaś","1","Jednoskladnikowy koncept roslinny/mineralny bez skladnikow mlecznych; bez mieszanek i dodatkow.","PostgreSQL ingredients.name_pl (snapshot 2026-10-01); https://www.niddk.nih.gov/health-information/digestive-diseases/lactose-intolerance/eating-diet-nutrition","2026-10-01",""
"C297","Groch łuskany","1","Jednoskladnikowy koncept roslinny/mineralny bez skladnikow mlecznych; bez mieszanek i dodatkow.","PostgreSQL ingredients.name_pl (snapshot 2026-10-01); https://www.niddk.nih.gov/health-information/digestive-diseases/lactose-intolerance/eating-diet-nutrition","2026-10-01",""
"C298","Tofu naturalne","1","Zatwierdzona definicja konceptu: Tofu naturalne (soja, woda, koagulant); produkt 100% roślinny.","Klasyfikacja wlascicielki katalogu: koncepty laktoza.csv; akceptacja zakresu 2026-10-01","2026-10-01",""
"C299","Tofu wędzone","1","Zatwierdzona definicja konceptu: Tofu wędzone (soja, woda, koagulant, dym wędzarniczy); produkt 100% roślinny.","Klasyfikacja wlascicielki katalogu: koncepty laktoza.csv; akceptacja zakresu 2026-10-01","2026-10-01",""
"C300","Tofu marynowane","1","Zatwierdzona definicja konceptu: Tofu marynowane (soja, woda, przyprawy/sos sojowy); produkt 100% roślinny.","Klasyfikacja wlascicielki katalogu: koncepty laktoza.csv; akceptacja zakresu 2026-10-01","2026-10-01",""
"C301","Tempeh","1","Zatwierdzona definicja konceptu: Tempeh (fermentowane ziarna soi); produkt 100% roślinny.","Klasyfikacja wlascicielki katalogu: koncepty laktoza.csv; akceptacja zakresu 2026-10-01","2026-10-01",""
"C302","Kostka sojowa","1","Zatwierdzona definicja konceptu: Kostka sojowa (teksturowane białko sojowe); produkt 100% roślinny.","Klasyfikacja wlascicielki katalogu: koncepty laktoza.csv; akceptacja zakresu 2026-10-01","2026-10-01",""
"C303","Granulat sojowy","1","Zatwierdzona definicja konceptu: Granulat sojowy (odtłuszczona mąka sojowa); produkt 100% roślinny.","Klasyfikacja wlascicielki katalogu: koncepty laktoza.csv; akceptacja zakresu 2026-10-01","2026-10-01",""
"C304","Napój sojowy","1","Zatwierdzona definicja konceptu: Napój sojowy (ekstrakt sojowy, woda); naturalnie bez laktozy.","Klasyfikacja wlascicielki katalogu: koncepty laktoza.csv; akceptacja zakresu 2026-10-01","2026-10-01",""
"C305","Napój owsiany","1","Zatwierdzona definicja konceptu: Napój owsiany (baza owsiana, woda); naturalnie bez laktozy.","Klasyfikacja wlascicielki katalogu: koncepty laktoza.csv; akceptacja zakresu 2026-10-01","2026-10-01",""
"C306","Napój migdałowy","1","Zatwierdzona definicja konceptu: Napój migdałowy (baza migdałowa, woda); naturalnie bez laktozy.","Klasyfikacja wlascicielki katalogu: koncepty laktoza.csv; akceptacja zakresu 2026-10-01","2026-10-01",""
"C307","Napój kokosowy","1","Zatwierdzona definicja konceptu: Napój kokosowy (ekstrakt kokosowy, woda); naturalnie bez laktozy.","Klasyfikacja wlascicielki katalogu: koncepty laktoza.csv; akceptacja zakresu 2026-10-01","2026-10-01",""
"C308","Mleczko kokosowe w puszce","1","Zatwierdzona definicja konceptu: Mleczko kokosowe w puszce (ekstrakt z kokosa, woda); produkt 100% roślinny.","Klasyfikacja wlascicielki katalogu: koncepty laktoza.csv; akceptacja zakresu 2026-10-01","2026-10-01",""
"C309","Jogurt sojowy","1","Zatwierdzona definicja konceptu: Jogurt sojowy (fermentowana baza sojowa); produkt roślinny bez laktozy.","Klasyfikacja wlascicielki katalogu: koncepty laktoza.csv; akceptacja zakresu 2026-10-01","2026-10-01",""
"C310","Płatki drożdżowe nieaktywne","1","Zatwierdzona definicja konceptu: Płatki drożdżowe nieaktywne (suszone drożdże odżywcze); bez składników mlecznych.","Klasyfikacja wlascicielki katalogu: koncepty laktoza.csv; akceptacja zakresu 2026-10-01","2026-10-01",""
"C311","Musztarda sarepska","1","Zatwierdzona definicja konceptu: Musztarda sarepska (gorczyca, woda, ocet, przyprawy); brak składników mlecznych.","Klasyfikacja wlascicielki katalogu: koncepty laktoza.csv; akceptacja zakresu 2026-10-01","2026-10-01",""
"C312","Musztarda dijon","1","Zatwierdzona definicja konceptu: Musztarda dijon (gorczyca, ocet/wino, sól, woda); brak składników mlecznych.","Klasyfikacja wlascicielki katalogu: koncepty laktoza.csv; akceptacja zakresu 2026-10-01","2026-10-01",""
"C313","Sos sojowy jasny","1","Zatwierdzona definicja konceptu: Sos sojowy jasny (soja, pszenica, woda, sól); produkt fermentacji roślinnej bez laktozy.","Klasyfikacja wlascicielki katalogu: koncepty laktoza.csv; akceptacja zakresu 2026-10-01","2026-10-01",""
"C314","Sos sojowy ciemny","1","Zatwierdzona definicja konceptu: Sos sojowy ciemny (soja, pszenica, woda, sól); produkt fermentacji roślinnej bez laktozy.","Klasyfikacja wlascicielki katalogu: koncepty laktoza.csv; akceptacja zakresu 2026-10-01","2026-10-01",""
"C315","Sos teriyaki","1","Zatwierdzona definicja konceptu: Sos teriyaki (sos sojowy, mirin/cukier, przyprawy); brak składników mlecznych.","Klasyfikacja wlascicielki katalogu: koncepty laktoza.csv; akceptacja zakresu 2026-10-01","2026-10-01",""
"C316","Sos rybny","1","Zatwierdzona definicja konceptu: Sos rybny (ekstrakt z ryb, sól, cukier); brak składników mlecznych.","Klasyfikacja wlascicielki katalogu: koncepty laktoza.csv; akceptacja zakresu 2026-10-01","2026-10-01",""
"C317","Sos ostrygowy","1","Zatwierdzona definicja konceptu: Sos ostrygowy (wyciąg z ostryg, skrobia, przyprawy); brak składników mlecznych.","Klasyfikacja wlascicielki katalogu: koncepty laktoza.csv; akceptacja zakresu 2026-10-01","2026-10-01",""
"C318","Sos sriracha","1","Zatwierdzona definicja konceptu: Sos sriracha (przecier z papryczek chili, czosnek, ocet, cukier); produkt roślinny.","Klasyfikacja wlascicielki katalogu: koncepty laktoza.csv; akceptacja zakresu 2026-10-01","2026-10-01",""
"C319","Sos tabasco","1","Zatwierdzona definicja konceptu: Sos tabasco (papryczki tabasco, ocet, sól); produkt roślinny.","Klasyfikacja wlascicielki katalogu: koncepty laktoza.csv; akceptacja zakresu 2026-10-01","2026-10-01",""
"C320","Ocet spirytusowy","1","Zatwierdzona definicja konceptu: Ocet spirytusowy (rozcieńczony kwas octowy fermentacyjny); bez składników mlecznych.","Klasyfikacja wlascicielki katalogu: koncepty laktoza.csv; akceptacja zakresu 2026-10-01","2026-10-01",""
"C321","Ocet jabłkowy","1","Zatwierdzona definicja konceptu: Ocet jabłkowy (fermentowany sok jabłkowy); produkt roślinny.","Klasyfikacja wlascicielki katalogu: koncepty laktoza.csv; akceptacja zakresu 2026-10-01","2026-10-01",""
"C322","Ocet winny","1","Zatwierdzona definicja konceptu: Ocet winny (fermentowane wino gronowe); produkt roślinny.","Klasyfikacja wlascicielki katalogu: koncepty laktoza.csv; akceptacja zakresu 2026-10-01","2026-10-01",""
"C323","Ocet balsamiczny","1","Zatwierdzona definicja konceptu: Ocet balsamiczny (moszcz winny, ocet winny); produkt roślinny.","Klasyfikacja wlascicielki katalogu: koncepty laktoza.csv; akceptacja zakresu 2026-10-01","2026-10-01",""
"C324","Pesto zielone","0","Zatwierdzona definicja konceptu: Pesto zielone; tradycyjna i rynkowa receptura zawiera twarde sery (Parmigiano/Pecorino), a wersje komercyjne często serwatkę w proszku.","Klasyfikacja wlascicielki katalogu: koncepty laktoza.csv; akceptacja zakresu 2026-10-01","2026-10-01",""
"C325","Pesto czerwone","0","Zatwierdzona definicja konceptu: Pesto czerwone; receptura rynkowa standardowo zawiera sery (np. ricottę/sery twarde) oraz serwatkę.","Klasyfikacja wlascicielki katalogu: koncepty laktoza.csv; akceptacja zakresu 2026-10-01","2026-10-01",""
"C326","Pasta curry czerwona","1","Zatwierdzona definicja konceptu: Pasta curry czerwona (papryczki chili, trawa cytrynowa, czosnek, szalotka, przyprawy); produkt 100% roślinny.","Klasyfikacja wlascicielki katalogu: koncepty laktoza.csv; akceptacja zakresu 2026-10-01","2026-10-01",""
"C327","Pasta curry zielona","1","Zatwierdzona definicja konceptu: Pasta curry zielona (zielone papryczki chili, zioła, przyprawy); produkt 100% roślinny.","Klasyfikacja wlascicielki katalogu: koncepty laktoza.csv; akceptacja zakresu 2026-10-01","2026-10-01",""
"C328","Pasta tahini","1","Zatwierdzona definicja konceptu: Pasta tahini (100% mielone ziarna sezamu); produkt 100% roślinny.","Klasyfikacja wlascicielki katalogu: koncepty laktoza.csv; akceptacja zakresu 2026-10-01","2026-10-01",""
"C329","Masło orzechowe 100%","1","Zatwierdzona definicja konceptu: Masło orzechowe 100% (100% prażone orzeszki ziemne); produkt 100% roślinny.","Klasyfikacja wlascicielki katalogu: koncepty laktoza.csv; akceptacja zakresu 2026-10-01","2026-10-01",""
"C330","Cukier biały","1","Prosty koncept bez skladnikow mlecznych; dotyczy czystego skladnika.","PostgreSQL ingredients.name_pl (snapshot 2026-10-01); https://www.niddk.nih.gov/health-information/digestive-diseases/lactose-intolerance/eating-diet-nutrition","2026-10-01",""
"C331","Cukier trzcinowy","1","Prosty koncept bez skladnikow mlecznych; dotyczy czystego skladnika.","PostgreSQL ingredients.name_pl (snapshot 2026-10-01); https://www.niddk.nih.gov/health-information/digestive-diseases/lactose-intolerance/eating-diet-nutrition","2026-10-01",""
"C332","Cukier puder","1","Prosty koncept bez skladnikow mlecznych; dotyczy czystego skladnika.","PostgreSQL ingredients.name_pl (snapshot 2026-10-01); https://www.niddk.nih.gov/health-information/digestive-diseases/lactose-intolerance/eating-diet-nutrition","2026-10-01",""
"C333","Ksylitol","1","Prosty koncept bez skladnikow mlecznych; dotyczy czystego skladnika.","PostgreSQL ingredients.name_pl (snapshot 2026-10-01); https://www.niddk.nih.gov/health-information/digestive-diseases/lactose-intolerance/eating-diet-nutrition","2026-10-01",""
"C334","Erytrytol","1","Prosty koncept bez skladnikow mlecznych; dotyczy czystego skladnika.","PostgreSQL ingredients.name_pl (snapshot 2026-10-01); https://www.niddk.nih.gov/health-information/digestive-diseases/lactose-intolerance/eating-diet-nutrition","2026-10-01",""
"C335","Miód pszczeli","1","Prosty koncept bez skladnikow mlecznych; dotyczy czystego skladnika.","PostgreSQL ingredients.name_pl (snapshot 2026-10-01); https://www.niddk.nih.gov/health-information/digestive-diseases/lactose-intolerance/eating-diet-nutrition","2026-10-01",""
"C336","Syrop klonowy","1","Zatwierdzona definicja konceptu: Syrop klonowy (100% odparowany sok z pnia klonu); produkt 100% roślinny.","Klasyfikacja wlascicielki katalogu: koncepty laktoza.csv; akceptacja zakresu 2026-10-01","2026-10-01",""
"C337","Syrop z agawy","1","Zatwierdzona definicja konceptu: Syrop z agawy (zagęszczony sok z agawy); produkt 100% roślinny.","Klasyfikacja wlascicielki katalogu: koncepty laktoza.csv; akceptacja zakresu 2026-10-01","2026-10-01",""
"C338","Kakao gorzkie","1","Prosty koncept bez skladnikow mlecznych; dotyczy czystego skladnika.","PostgreSQL ingredients.name_pl (snapshot 2026-10-01); https://www.niddk.nih.gov/health-information/digestive-diseases/lactose-intolerance/eating-diet-nutrition","2026-10-01",""
"C339","Czekolada gorzka 70%","1","Zatwierdzona definicja konceptu: Czekolada gorzka 70% (miazga kakaowa, tłuszcz kakaowy, cukier); receptura bazowa bez składników mlecznych.","Klasyfikacja wlascicielki katalogu: koncepty laktoza.csv; akceptacja zakresu 2026-10-01","2026-10-01",""
"C340","Czekolada mleczna","0","Zwykly nabial lub czekolada mleczna/biala; brak jawnego wariantu bez laktozy.","PostgreSQL ingredients.name_pl (snapshot 2026-10-01); https://www.niddk.nih.gov/health-information/digestive-diseases/lactose-intolerance/eating-diet-nutrition","2026-10-01",""
"C341","Czekolada biała","0","Zwykly nabial lub czekolada mleczna/biala; brak jawnego wariantu bez laktozy.","PostgreSQL ingredients.name_pl (snapshot 2026-10-01); https://www.niddk.nih.gov/health-information/digestive-diseases/lactose-intolerance/eating-diet-nutrition","2026-10-01",""
"C342","Krem orzechowo-czekoladowy","0","Zatwierdzona definicja konceptu: Krem orzechowo-czekoladowy; standard rynkowy (np. Nutella i klony) bazuje na odtłuszczonym mleku w proszku i serwatce.","Klasyfikacja wlascicielki katalogu: koncepty laktoza.csv; akceptacja zakresu 2026-10-01","2026-10-01",""
"C343","Dżem truskawkowy","1","Zatwierdzona definicja konceptu: Dżem truskawkowy (truskawki, cukier, pektyny); produkt roślinny.","Klasyfikacja wlascicielki katalogu: koncepty laktoza.csv; akceptacja zakresu 2026-10-01","2026-10-01",""
"C344","Konfitura malinowa","1","Zatwierdzona definicja konceptu: Konfitura malinowa (maliny, cukier, pektyny); produkt roślinny.","Klasyfikacja wlascicielki katalogu: koncepty laktoza.csv; akceptacja zakresu 2026-10-01","2026-10-01",""
"C345","Powidła śliwkowe","1","Zatwierdzona definicja konceptu: Powidła śliwkowe (śliwki, cukier); produkt roślinny.","Klasyfikacja wlascicielki katalogu: koncepty laktoza.csv; akceptacja zakresu 2026-10-01","2026-10-01",""
"C346","Żelatyna","1","Prosty koncept bez skladnikow mlecznych; dotyczy czystego skladnika.","PostgreSQL ingredients.name_pl (snapshot 2026-10-01); https://www.niddk.nih.gov/health-information/digestive-diseases/lactose-intolerance/eating-diet-nutrition","2026-10-01",""
"C347","Agar-agar","1","Prosty koncept bez skladnikow mlecznych; dotyczy czystego skladnika.","PostgreSQL ingredients.name_pl (snapshot 2026-10-01); https://www.niddk.nih.gov/health-information/digestive-diseases/lactose-intolerance/eating-diet-nutrition","2026-10-01",""
"C348","Proszek do pieczenia","1","Zatwierdzona definicja konceptu: Proszek do pieczenia (wodorowęglan sodu, difosforany, mąka/skrobia); bez składników mlecznych.","Klasyfikacja wlascicielki katalogu: koncepty laktoza.csv; akceptacja zakresu 2026-10-01","2026-10-01",""
"C349","Soda oczyszczona","1","Prosty koncept bez skladnikow mlecznych; dotyczy czystego skladnika.","PostgreSQL ingredients.name_pl (snapshot 2026-10-01); https://www.niddk.nih.gov/health-information/digestive-diseases/lactose-intolerance/eating-diet-nutrition","2026-10-01",""
"C350","Ekstrakt waniliowy","1","Zatwierdzona definicja konceptu: Ekstrakt waniliowy (wyciąg z lasek wanilii, alkohol, woda); bez składników mlecznych.","Klasyfikacja wlascicielki katalogu: koncepty laktoza.csv; akceptacja zakresu 2026-10-01","2026-10-01",""
"C351","Cukier wanilinowy","1","Zatwierdzona definicja konceptu: Cukier wanilinowy (cukier, aromat wanilina); bez składników mlecznych.","Klasyfikacja wlascicielki katalogu: koncepty laktoza.csv; akceptacja zakresu 2026-10-01","2026-10-01",""
"C352","Drożdże świeże","1","Zatwierdzona definicja konceptu: Drożdże świeże (czyste drożdże Saccharomyces cerevisiae); bez składników mlecznych.","Klasyfikacja wlascicielki katalogu: koncepty laktoza.csv; akceptacja zakresu 2026-10-01","2026-10-01",""
"C353","Drożdże suszone instant","1","Zatwierdzona definicja konceptu: Drożdże suszone instant (suszone drożdże, emulgator monostearynian sorbitolu); bez składników mlecznych.","Klasyfikacja wlascicielki katalogu: koncepty laktoza.csv; akceptacja zakresu 2026-10-01","2026-10-01",""
"C354","Sól morska","1","Jednoskladnikowy koncept roslinny/mineralny bez skladnikow mlecznych; bez mieszanek i dodatkow.","PostgreSQL ingredients.name_pl (snapshot 2026-10-01); https://www.niddk.nih.gov/health-information/digestive-diseases/lactose-intolerance/eating-diet-nutrition","2026-10-01",""
"C355","Pieprz czarny mielony","1","Jednoskladnikowy koncept roslinny/mineralny bez skladnikow mlecznych; bez mieszanek i dodatkow.","PostgreSQL ingredients.name_pl (snapshot 2026-10-01); https://www.niddk.nih.gov/health-information/digestive-diseases/lactose-intolerance/eating-diet-nutrition","2026-10-01",""
"C356","Papryka słodka mielona","1","Jednoskladnikowy koncept roslinny/mineralny bez skladnikow mlecznych; bez mieszanek i dodatkow.","PostgreSQL ingredients.name_pl (snapshot 2026-10-01); https://www.niddk.nih.gov/health-information/digestive-diseases/lactose-intolerance/eating-diet-nutrition","2026-10-01",""
"C357","Papryka ostra mielona","1","Jednoskladnikowy koncept roslinny/mineralny bez skladnikow mlecznych; bez mieszanek i dodatkow.","PostgreSQL ingredients.name_pl (snapshot 2026-10-01); https://www.niddk.nih.gov/health-information/digestive-diseases/lactose-intolerance/eating-diet-nutrition","2026-10-01",""
"C358","Papryka wędzona","1","Jednoskladnikowy koncept roslinny/mineralny bez skladnikow mlecznych; bez mieszanek i dodatkow.","PostgreSQL ingredients.name_pl (snapshot 2026-10-01); https://www.niddk.nih.gov/health-information/digestive-diseases/lactose-intolerance/eating-diet-nutrition","2026-10-01",""
"C359","Czosnek granulowany","1","Jednoskladnikowy koncept roslinny/mineralny bez skladnikow mlecznych; bez mieszanek i dodatkow.","PostgreSQL ingredients.name_pl (snapshot 2026-10-01); https://www.niddk.nih.gov/health-information/digestive-diseases/lactose-intolerance/eating-diet-nutrition","2026-10-01",""
"C360","Cebula suszona","1","Jednoskladnikowy koncept roslinny/mineralny bez skladnikow mlecznych; bez mieszanek i dodatkow.","PostgreSQL ingredients.name_pl (snapshot 2026-10-01); https://www.niddk.nih.gov/health-information/digestive-diseases/lactose-intolerance/eating-diet-nutrition","2026-10-01",""
"C361","Oregano suszone","1","Jednoskladnikowy koncept roslinny/mineralny bez skladnikow mlecznych; bez mieszanek i dodatkow.","PostgreSQL ingredients.name_pl (snapshot 2026-10-01); https://www.niddk.nih.gov/health-information/digestive-diseases/lactose-intolerance/eating-diet-nutrition","2026-10-01",""
"C362","Bazylia suszona","1","Jednoskladnikowy koncept roslinny/mineralny bez skladnikow mlecznych; bez mieszanek i dodatkow.","PostgreSQL ingredients.name_pl (snapshot 2026-10-01); https://www.niddk.nih.gov/health-information/digestive-diseases/lactose-intolerance/eating-diet-nutrition","2026-10-01",""
"C363","Tymianek suszony","1","Jednoskladnikowy koncept roslinny/mineralny bez skladnikow mlecznych; bez mieszanek i dodatkow.","PostgreSQL ingredients.name_pl (snapshot 2026-10-01); https://www.niddk.nih.gov/health-information/digestive-diseases/lactose-intolerance/eating-diet-nutrition","2026-10-01",""
"C364","Rozmaryn suszony","1","Jednoskladnikowy koncept roslinny/mineralny bez skladnikow mlecznych; bez mieszanek i dodatkow.","PostgreSQL ingredients.name_pl (snapshot 2026-10-01); https://www.niddk.nih.gov/health-information/digestive-diseases/lactose-intolerance/eating-diet-nutrition","2026-10-01",""
"C365","Majeranek","1","Jednoskladnikowy koncept roslinny/mineralny bez skladnikow mlecznych; bez mieszanek i dodatkow.","PostgreSQL ingredients.name_pl (snapshot 2026-10-01); https://www.niddk.nih.gov/health-information/digestive-diseases/lactose-intolerance/eating-diet-nutrition","2026-10-01",""
"C366","Zioła prowansalskie","1","Zatwierdzona definicja konceptu: Zioła prowansalskie (mieszanka suszonych ziół: rozmaryn, tymianek, bazylia, cząber, oregano); 100% roślinne.","Klasyfikacja wlascicielki katalogu: koncepty laktoza.csv; akceptacja zakresu 2026-10-01","2026-10-01",""
"C367","Cynamon mielony","1","Jednoskladnikowy koncept roslinny/mineralny bez skladnikow mlecznych; bez mieszanek i dodatkow.","PostgreSQL ingredients.name_pl (snapshot 2026-10-01); https://www.niddk.nih.gov/health-information/digestive-diseases/lactose-intolerance/eating-diet-nutrition","2026-10-01",""
"C368","Imbir mielony","1","Jednoskladnikowy koncept roslinny/mineralny bez skladnikow mlecznych; bez mieszanek i dodatkow.","PostgreSQL ingredients.name_pl (snapshot 2026-10-01); https://www.niddk.nih.gov/health-information/digestive-diseases/lactose-intolerance/eating-diet-nutrition","2026-10-01",""
"C369","Kurkuma mielona","1","Jednoskladnikowy koncept roslinny/mineralny bez skladnikow mlecznych; bez mieszanek i dodatkow.","PostgreSQL ingredients.name_pl (snapshot 2026-10-01); https://www.niddk.nih.gov/health-information/digestive-diseases/lactose-intolerance/eating-diet-nutrition","2026-10-01",""
"C370","Kmin rzymski kumin","1","Jednoskladnikowy koncept roslinny/mineralny bez skladnikow mlecznych; bez mieszanek i dodatkow.","PostgreSQL ingredients.name_pl (snapshot 2026-10-01); https://www.niddk.nih.gov/health-information/digestive-diseases/lactose-intolerance/eating-diet-nutrition","2026-10-01",""
"C371","Kolendra mielona","1","Jednoskladnikowy koncept roslinny/mineralny bez skladnikow mlecznych; bez mieszanek i dodatkow.","PostgreSQL ingredients.name_pl (snapshot 2026-10-01); https://www.niddk.nih.gov/health-information/digestive-diseases/lactose-intolerance/eating-diet-nutrition","2026-10-01",""
"C372","Gałka muszkatołowa","1","Jednoskladnikowy koncept roslinny/mineralny bez skladnikow mlecznych; bez mieszanek i dodatkow.","PostgreSQL ingredients.name_pl (snapshot 2026-10-01); https://www.niddk.nih.gov/health-information/digestive-diseases/lactose-intolerance/eating-diet-nutrition","2026-10-01",""
"C373","Goździki","1","Jednoskladnikowy koncept roslinny/mineralny bez skladnikow mlecznych; bez mieszanek i dodatkow.","PostgreSQL ingredients.name_pl (snapshot 2026-10-01); https://www.niddk.nih.gov/health-information/digestive-diseases/lactose-intolerance/eating-diet-nutrition","2026-10-01",""
"C374","Kardamon","1","Jednoskladnikowy koncept roslinny/mineralny bez skladnikow mlecznych; bez mieszanek i dodatkow.","PostgreSQL ingredients.name_pl (snapshot 2026-10-01); https://www.niddk.nih.gov/health-information/digestive-diseases/lactose-intolerance/eating-diet-nutrition","2026-10-01",""
"C375","Liść laurowy","1","Jednoskladnikowy koncept roslinny/mineralny bez skladnikow mlecznych; bez mieszanek i dodatkow.","PostgreSQL ingredients.name_pl (snapshot 2026-10-01); https://www.niddk.nih.gov/health-information/digestive-diseases/lactose-intolerance/eating-diet-nutrition","2026-10-01",""
"C376","Ziele angielskie","1","Jednoskladnikowy koncept roslinny/mineralny bez skladnikow mlecznych; bez mieszanek i dodatkow.","PostgreSQL ingredients.name_pl (snapshot 2026-10-01); https://www.niddk.nih.gov/health-information/digestive-diseases/lactose-intolerance/eating-diet-nutrition","2026-10-01",""
